﻿<?xml version="1.0" encoding="utf-8"?>
<gml:FeatureCollection xmlns:gml="http://www.opengis.net/gml/3.2" xmlns:xlink="http://www.w3.org/1999/xlink" xmlns:ot="urn:gugik:specyfikacje:gmlas:bazaDanychObiektowTopograficznych10k:2.0" xmlns:gmd="http://www.isotc211.org/2005/gmd" xmlns:bt="urn:gugik:specyfikacje:gmlas:modelPodstawowy:1.0" xmlns:xsi="http://www.w3.org/2001/XMLSchema-instance" gml:id="WODGiK_OT_KUPW_A" xsi:schemaLocation="urn:gugik:specyfikacje:gmlas:bazaDanychObiektowTopograficznych10k:2.0 ./XSD/BDOT10k_BDOO.XSD">
  <gml:featureMember>
    <ot:OT_KUPW_A gml:id="OT_KUPW_A.3d478387-b6bb-4972-b151-e2b6b0947e89">
      <ot:lokalnyId>28BEDAB6-9592-F426-E053-CC2BA8C0B2DD</ot:lokalnyId>
      <ot:przestrzenNazw>PL.PZGiK.336.BDOT10k</ot:przestrzenNazw>
      <ot:wersja>2023-12-28T12:00:00</ot:wersja>
      <ot:poczatekWersjiObiektu>2023-12-28T12:00:00</ot:poczatekWersjiObiektu>
      <ot:oznaczenieZmiany>GI-TOPO.600.116.2023</ot:oznaczenieZmiany>
      <ot:zrodloDanychGeometrycznych>ortofotomapa</ot:zrodloDanychGeometrycznych>
      <ot:kodKarto10k>0010_510</ot:kodKarto10k>
      <ot:geometria>
        <gml:Polygon srsName="EPSG:2180" gml:id="geom.accb64e5-8d93-49a4-bb79-5465d0618ee1" srsDimension="2">
          <gml:exterior>
            <gml:LinearRing>
              <gml:posList>504688.27 689939.20 504555.89 690195.37 504554.30 690198.38 504536.39 690232.16 504532.15 690240.17 504485.57 690329.97 504493.65 690342.36 504496.47 690346.30 504504.14 690341.40 504526.69 690370.67 504626.92 690411.64 504699.79 690441.29 504903.44 690040.52 504688.27 689939.20</gml:posList>
            </gml:LinearRing>
          </gml:exterior>
        </gml:Polygon>
      </ot:geometria>
    </ot:OT_KUPW_A>
  </gml:featureMember>
</gml:FeatureCollection>