﻿<?xml version="1.0" encoding="utf-8"?>
<gml:FeatureCollection xmlns:gml="http://www.opengis.net/gml/3.2" xmlns:xlink="http://www.w3.org/1999/xlink" xmlns:ot="urn:gugik:specyfikacje:gmlas:bazaDanychObiektowTopograficznych10k:2.0" xmlns:gmd="http://www.isotc211.org/2005/gmd" xmlns:bt="urn:gugik:specyfikacje:gmlas:modelPodstawowy:1.0" xmlns:xsi="http://www.w3.org/2001/XMLSchema-instance" gml:id="WODGiK_OT_SKRW_P" xsi:schemaLocation="urn:gugik:specyfikacje:gmlas:bazaDanychObiektowTopograficznych10k:2.0 ./XSD/BDOT10k_BDOO.XSD">
  <gml:featureMember>
    <ot:OT_SKRW_P gml:id="OT_SKRW_P.7aeebfbb-e2cb-4955-978b-db2de83aedcf">
      <ot:lokalnyId>50bdb2fb-d150-4305-9268-a3807132f07e</ot:lokalnyId>
      <ot:przestrzenNazw>PL.PZGiK.336.BDOT10k</ot:przestrzenNazw>
      <ot:wersja>2023-12-28T12:00:00</ot:wersja>
      <ot:poczatekWersjiObiektu>2023-12-28T12:00:00</ot:poczatekWersjiObiektu>
      <ot:oznaczenieZmiany>GI-TOPO.600.116.2023</ot:oznaczenieZmiany>
      <ot:zrodloDanychGeometrycznych>ortofotomapa</ot:zrodloDanychGeometrycznych>
      <ot:rodzaj>rondo</ot:rodzaj>
      <ot:geometria>
        <gml:Point srsName="EPSG:2180" gml:id="geom.eaa8653c-2322-410c-98c9-2df3a09bd2f9" srsDimension="2">
          <gml:pos>500240.98 696665.29</gml:pos>
        </gml:Point>
      </ot:geometria>
    </ot:OT_SKRW_P>
  </gml:featureMember>
  <gml:featureMember>
    <ot:OT_SKRW_P gml:id="OT_SKRW_P.efdfa154-4063-4b7d-8424-648a95302e86">
      <ot:lokalnyId>b5991521-9c1b-11ea-86d1-5404a6a68038</ot:lokalnyId>
      <ot:przestrzenNazw>PL.PZGiK.336.BDOT10k</ot:przestrzenNazw>
      <ot:wersja>2023-12-28T12:00:00</ot:wersja>
      <ot:poczatekWersjiObiektu>2023-12-28T12:00:00</ot:poczatekWersjiObiektu>
      <ot:oznaczenieZmiany>GI-TOPO.600.116.2023</ot:oznaczenieZmiany>
      <ot:zrodloDanychGeometrycznych>ortofotomapa</ot:zrodloDanychGeometrycznych>
      <ot:rodzaj>rondo</ot:rodzaj>
      <ot:nazwaWezlaDrogowego>Rondo Danuty Siedzikówny ps. Inka</ot:nazwaWezlaDrogowego>
      <ot:geometria>
        <gml:Point srsName="EPSG:2180" gml:id="geom.5fa798e6-6319-4a2e-b7eb-6be5e410edb0" srsDimension="2">
          <gml:pos>502115.70 685157.50</gml:pos>
        </gml:Point>
      </ot:geometria>
    </ot:OT_SKRW_P>
  </gml:featureMember>
  <gml:featureMember>
    <ot:OT_SKRW_P gml:id="OT_SKRW_P.93004180-26c7-45d0-95c5-2018a00fe1ea">
      <ot:lokalnyId>b5993c30-9c1b-11ea-bcee-5404a6a68038</ot:lokalnyId>
      <ot:przestrzenNazw>PL.PZGiK.336.BDOT10k</ot:przestrzenNazw>
      <ot:wersja>2023-12-28T12:00:00</ot:wersja>
      <ot:poczatekWersjiObiektu>2023-12-28T12:00:00</ot:poczatekWersjiObiektu>
      <ot:oznaczenieZmiany>GI-TOPO.600.116.2023</ot:oznaczenieZmiany>
      <ot:zrodloDanychGeometrycznych>ortofotomapa</ot:zrodloDanychGeometrycznych>
      <ot:rodzaj>rondo</ot:rodzaj>
      <ot:nazwaWezlaDrogowego>Rondo im. Związku Polaków Młody Las</ot:nazwaWezlaDrogowego>
      <ot:geometria>
        <gml:Point srsName="EPSG:2180" gml:id="geom.77f01b54-76dc-444b-b7f6-9cc032b263b4" srsDimension="2">
          <gml:pos>501383.92 686569.60</gml:pos>
        </gml:Point>
      </ot:geometria>
    </ot:OT_SKRW_P>
  </gml:featureMember>
  <gml:featureMember>
    <ot:OT_SKRW_P gml:id="OT_SKRW_P.35e00f3d-8866-4abb-b43c-56f9bcc5e8f4">
      <ot:lokalnyId>209da6cf-bd44-11ea-a916-b8ca3aa2e5c2</ot:lokalnyId>
      <ot:przestrzenNazw>PL.PZGiK.336.BDOT10k</ot:przestrzenNazw>
      <ot:wersja>2023-12-28T12:00:00</ot:wersja>
      <ot:poczatekWersjiObiektu>2023-12-28T12:00:00</ot:poczatekWersjiObiektu>
      <ot:oznaczenieZmiany>GI-TOPO.600.116.2023</ot:oznaczenieZmiany>
      <ot:zrodloDanychGeometrycznych>ortofotomapa</ot:zrodloDanychGeometrycznych>
      <ot:rodzaj>rondo</ot:rodzaj>
      <ot:geometria>
        <gml:Point srsName="EPSG:2180" gml:id="geom.9fdae19f-ff4f-4748-8c87-0a900fa63e31" srsDimension="2">
          <gml:pos>502410.06 685088.49</gml:pos>
        </gml:Point>
      </ot:geometria>
    </ot:OT_SKRW_P>
  </gml:featureMember>
  <gml:featureMember>
    <ot:OT_SKRW_P gml:id="OT_SKRW_P.a4b1e545-0ad5-462c-95c7-c8fa64304520">
      <ot:lokalnyId>28BEDAB7-50AC-F426-E053-CC2BA8C0B2DD</ot:lokalnyId>
      <ot:przestrzenNazw>PL.PZGiK.336.BDOT10k</ot:przestrzenNazw>
      <ot:wersja>2023-12-28T12:00:00</ot:wersja>
      <ot:poczatekWersjiObiektu>2023-12-28T12:00:00</ot:poczatekWersjiObiektu>
      <ot:oznaczenieZmiany>GI-TOPO.600.116.2023</ot:oznaczenieZmiany>
      <ot:zrodloDanychGeometrycznych>ortofotomapa</ot:zrodloDanychGeometrycznych>
      <ot:rodzaj>rondo</ot:rodzaj>
      <ot:nazwaWezlaDrogowego>Rondo Solidarności</ot:nazwaWezlaDrogowego>
      <ot:geometria>
        <gml:Point srsName="EPSG:2180" gml:id="geom.e1af260f-f06d-41f2-91b5-ddcf50331111" srsDimension="2">
          <gml:pos>502086.62 685833.45</gml:pos>
        </gml:Point>
      </ot:geometria>
    </ot:OT_SKRW_P>
  </gml:featureMember>
  <gml:featureMember>
    <ot:OT_SKRW_P gml:id="OT_SKRW_P.9f8c41fd-b4d2-49a2-85b6-d719595f7a84">
      <ot:lokalnyId>b5989ff0-9c1b-11ea-a31d-5404a6a68038</ot:lokalnyId>
      <ot:przestrzenNazw>PL.PZGiK.336.BDOT10k</ot:przestrzenNazw>
      <ot:wersja>2023-12-28T12:00:00</ot:wersja>
      <ot:poczatekWersjiObiektu>2023-12-28T12:00:00</ot:poczatekWersjiObiektu>
      <ot:oznaczenieZmiany>GI-TOPO.600.116.2023</ot:oznaczenieZmiany>
      <ot:zrodloDanychGeometrycznych>ortofotomapa</ot:zrodloDanychGeometrycznych>
      <ot:rodzaj>rondo</ot:rodzaj>
      <ot:geometria>
        <gml:Point srsName="EPSG:2180" gml:id="geom.d1d10aec-122c-4c4e-b431-c7c2629eae73" srsDimension="2">
          <gml:pos>502259.29 685534.94</gml:pos>
        </gml:Point>
      </ot:geometria>
    </ot:OT_SKRW_P>
  </gml:featureMember>
  <gml:featureMember>
    <ot:OT_SKRW_P gml:id="OT_SKRW_P.3368270a-3b9f-465e-84dd-790967c109f9">
      <ot:lokalnyId>28BEDAB7-50AD-F426-E053-CC2BA8C0B2DD</ot:lokalnyId>
      <ot:przestrzenNazw>PL.PZGiK.336.BDOT10k</ot:przestrzenNazw>
      <ot:wersja>2023-12-28T12:00:00</ot:wersja>
      <ot:poczatekWersjiObiektu>2023-12-28T12:00:00</ot:poczatekWersjiObiektu>
      <ot:oznaczenieZmiany>GI-TOPO.600.116.2023</ot:oznaczenieZmiany>
      <ot:zrodloDanychGeometrycznych>ortofotomapa</ot:zrodloDanychGeometrycznych>
      <ot:rodzaj>rondo</ot:rodzaj>
      <ot:nazwaWezlaDrogowego>Rondo Kazimierza Jagiellończyka</ot:nazwaWezlaDrogowego>
      <ot:geometria>
        <gml:Point srsName="EPSG:2180" gml:id="geom.afe67e8f-1417-4e69-b6a6-e93e8e719e66" srsDimension="2">
          <gml:pos>502056.83 685962.29</gml:pos>
        </gml:Point>
      </ot:geometria>
    </ot:OT_SKRW_P>
  </gml:featureMember>
  <gml:featureMember>
    <ot:OT_SKRW_P gml:id="OT_SKRW_P.dd3cc9ec-a7a0-4d00-a165-883464fbd683">
      <ot:lokalnyId>28BEDAB7-50AE-F426-E053-CC2BA8C0B2DD</ot:lokalnyId>
      <ot:przestrzenNazw>PL.PZGiK.336.BDOT10k</ot:przestrzenNazw>
      <ot:wersja>2023-12-28T12:00:00</ot:wersja>
      <ot:poczatekWersjiObiektu>2023-12-28T12:00:00</ot:poczatekWersjiObiektu>
      <ot:oznaczenieZmiany>GI-TOPO.600.116.2023</ot:oznaczenieZmiany>
      <ot:zrodloDanychGeometrycznych>ortofotomapa</ot:zrodloDanychGeometrycznych>
      <ot:rodzaj>rondo</ot:rodzaj>
      <ot:nazwaWezlaDrogowego>Rondo Portowe</ot:nazwaWezlaDrogowego>
      <ot:geometria>
        <gml:Point srsName="EPSG:2180" gml:id="geom.83cf0dcc-466f-4659-b433-9e36b9437dff" srsDimension="2">
          <gml:pos>503705.67 686289.80</gml:pos>
        </gml:Point>
      </ot:geometria>
    </ot:OT_SKRW_P>
  </gml:featureMember>
  <gml:featureMember>
    <ot:OT_SKRW_P gml:id="OT_SKRW_P.98a58859-3c02-4dd2-be6d-799dc3d16b8f">
      <ot:lokalnyId>28BEDAB7-50AF-F426-E053-CC2BA8C0B2DD</ot:lokalnyId>
      <ot:przestrzenNazw>PL.PZGiK.336.BDOT10k</ot:przestrzenNazw>
      <ot:wersja>2023-12-28T12:00:00</ot:wersja>
      <ot:poczatekWersjiObiektu>2023-12-28T12:00:00</ot:poczatekWersjiObiektu>
      <ot:oznaczenieZmiany>GI-TOPO.600.116.2023</ot:oznaczenieZmiany>
      <ot:zrodloDanychGeometrycznych>ortofotomapa</ot:zrodloDanychGeometrycznych>
      <ot:rodzaj>rondo</ot:rodzaj>
      <ot:nazwaWezlaDrogowego>Rondo im. Augustyna Szpręgi</ot:nazwaWezlaDrogowego>
      <ot:geometria>
        <gml:Point srsName="EPSG:2180" gml:id="geom.9dbfd5d9-452c-41e1-a9c9-76a82c4f291f" srsDimension="2">
          <gml:pos>501813.69 685475.78</gml:pos>
        </gml:Point>
      </ot:geometria>
    </ot:OT_SKRW_P>
  </gml:featureMember>
  <gml:featureMember>
    <ot:OT_SKRW_P gml:id="OT_SKRW_P.c60ed4ef-279d-461c-97f9-24f5b6cbb806">
      <ot:lokalnyId>28BEDAB7-50B0-F426-E053-CC2BA8C0B2DD</ot:lokalnyId>
      <ot:przestrzenNazw>PL.PZGiK.336.BDOT10k</ot:przestrzenNazw>
      <ot:wersja>2023-12-28T12:00:00</ot:wersja>
      <ot:poczatekWersjiObiektu>2023-12-28T12:00:00</ot:poczatekWersjiObiektu>
      <ot:oznaczenieZmiany>GI-TOPO.600.116.2023</ot:oznaczenieZmiany>
      <ot:zrodloDanychGeometrycznych>ortofotomapa</ot:zrodloDanychGeometrycznych>
      <ot:rodzaj>rondo</ot:rodzaj>
      <ot:geometria>
        <gml:Point srsName="EPSG:2180" gml:id="geom.8bd18065-379e-4dc9-ac67-67a227a8fc21" srsDimension="2">
          <gml:pos>502789.98 685622.31</gml:pos>
        </gml:Point>
      </ot:geometria>
    </ot:OT_SKRW_P>
  </gml:featureMember>
  <gml:featureMember>
    <ot:OT_SKRW_P gml:id="OT_SKRW_P.7f0fd2a9-e312-4e4e-8f63-35457ae3bb72">
      <ot:lokalnyId>28BEDAB7-50B1-F426-E053-CC2BA8C0B2DD</ot:lokalnyId>
      <ot:przestrzenNazw>PL.PZGiK.336.BDOT10k</ot:przestrzenNazw>
      <ot:wersja>2023-12-28T12:00:00</ot:wersja>
      <ot:poczatekWersjiObiektu>2023-12-28T12:00:00</ot:poczatekWersjiObiektu>
      <ot:oznaczenieZmiany>GI-TOPO.600.116.2023</ot:oznaczenieZmiany>
      <ot:zrodloDanychGeometrycznych>ortofotomapa</ot:zrodloDanychGeometrycznych>
      <ot:rodzaj>rondo</ot:rodzaj>
      <ot:geometria>
        <gml:Point srsName="EPSG:2180" gml:id="geom.a8953c85-bbf8-492e-be50-dd826847a5a1" srsDimension="2">
          <gml:pos>502803.57 685675.47</gml:pos>
        </gml:Point>
      </ot:geometria>
    </ot:OT_SKRW_P>
  </gml:featureMember>
  <gml:featureMember>
    <ot:OT_SKRW_P gml:id="OT_SKRW_P.b6ea0a1f-04dc-4cee-b6da-6ca54ab1bf3f">
      <ot:lokalnyId>28BEDAB7-50B2-F426-E053-CC2BA8C0B2DD</ot:lokalnyId>
      <ot:przestrzenNazw>PL.PZGiK.336.BDOT10k</ot:przestrzenNazw>
      <ot:wersja>2023-12-28T12:00:00</ot:wersja>
      <ot:poczatekWersjiObiektu>2023-12-28T12:00:00</ot:poczatekWersjiObiektu>
      <ot:oznaczenieZmiany>GI-TOPO.600.116.2023</ot:oznaczenieZmiany>
      <ot:zrodloDanychGeometrycznych>ortofotomapa</ot:zrodloDanychGeometrycznych>
      <ot:rodzaj>rondo</ot:rodzaj>
      <ot:nazwaWezlaDrogowego>Rondo im. Przewodników Malborskich</ot:nazwaWezlaDrogowego>
      <ot:geometria>
        <gml:Point srsName="EPSG:2180" gml:id="geom.5ea16b00-54eb-4277-ab97-13a927777114" srsDimension="2">
          <gml:pos>502754.07 685702.58</gml:pos>
        </gml:Point>
      </ot:geometria>
    </ot:OT_SKRW_P>
  </gml:featureMember>
  <gml:featureMember>
    <ot:OT_SKRW_P gml:id="OT_SKRW_P.145b9f16-2f5e-45bd-b794-0f32a316d687">
      <ot:lokalnyId>b598ee0f-9c1b-11ea-afaa-5404a6a68038</ot:lokalnyId>
      <ot:przestrzenNazw>PL.PZGiK.336.BDOT10k</ot:przestrzenNazw>
      <ot:wersja>2023-12-28T12:00:00</ot:wersja>
      <ot:poczatekWersjiObiektu>2023-12-28T12:00:00</ot:poczatekWersjiObiektu>
      <ot:oznaczenieZmiany>GI-TOPO.600.116.2023</ot:oznaczenieZmiany>
      <ot:zrodloDanychGeometrycznych>ortofotomapa</ot:zrodloDanychGeometrycznych>
      <ot:rodzaj>rondo</ot:rodzaj>
      <ot:nazwaWezlaDrogowego>Rondo Lotników Polskich</ot:nazwaWezlaDrogowego>
      <ot:geometria>
        <gml:Point srsName="EPSG:2180" gml:id="geom.6e5458a9-634d-4c68-a1e8-929f727a834e" srsDimension="2">
          <gml:pos>502455.83 685742.02</gml:pos>
        </gml:Point>
      </ot:geometria>
    </ot:OT_SKRW_P>
  </gml:featureMember>
</gml:FeatureCollection>