﻿<?xml version="1.0" encoding="utf-8"?>
<gml:FeatureCollection xmlns:gml="http://www.opengis.net/gml/3.2" xmlns:xlink="http://www.w3.org/1999/xlink" xmlns:ot="urn:gugik:specyfikacje:gmlas:bazaDanychObiektowTopograficznych10k:2.0" xmlns:gmd="http://www.isotc211.org/2005/gmd" xmlns:bt="urn:gugik:specyfikacje:gmlas:modelPodstawowy:1.0" xmlns:xsi="http://www.w3.org/2001/XMLSchema-instance" gml:id="WODGiK_OT_PTRK_A" xsi:schemaLocation="urn:gugik:specyfikacje:gmlas:bazaDanychObiektowTopograficznych10k:2.0 ./XSD/BDOT10k_BDOO.XSD">
  <gml:featureMember>
    <ot:OT_PTRK_A gml:id="OT_PTRK_A.c62fe7e6-c094-4547-9db1-928fbb4d5e5c">
      <ot:lokalnyId>b0046854-869e-40af-bc80-ae9fe39583b8</ot:lokalnyId>
      <ot:przestrzenNazw>PL.PZGiK.336.BDOT10k</ot:przestrzenNazw>
      <ot:wersja>2023-12-28T12:00:00</ot:wersja>
      <ot:poczatekWersjiObiektu>2023-12-28T12:00:00</ot:poczatekWersjiObiektu>
      <ot:oznaczenieZmiany>GI-TOPO.600.116.2023</ot:oznaczenieZmiany>
      <ot:zrodloDanychGeometrycznych>ortofotomapa</ot:zrodloDanychGeometrycznych>
      <ot:kodKarto10k>0010_713</ot:kodKarto10k>
      <ot:geometria>
        <gml:Polygon srsName="EPSG:2180" gml:id="geom.9b7b1caa-119a-4c2b-b96c-155bf80a9df0" srsDimension="2">
          <gml:exterior>
            <gml:LinearRing>
              <gml:posList>508617.23 685494.56 508642.25 685526.40 508647.15 685532.60 508712.52 685454.43 508809.36 685366.81 508831.28 685355.95 508780.73 685350.81 508740.90 685351.42 508732.92 685357.56 508725.10 685363.54 508694.48 685395.90 508674.71 685422.71 508669.98 685429.13 508637.77 685471.47 508621.66 685489.83 508617.23 685494.56</gml:posList>
            </gml:LinearRing>
          </gml:exterior>
        </gml:Polygon>
      </ot:geometria>
      <ot:rodzaj>krzewy</ot:rodzaj>
    </ot:OT_PTRK_A>
  </gml:featureMember>
  <gml:featureMember>
    <ot:OT_PTRK_A gml:id="OT_PTRK_A.38e579c0-ba66-4a78-b296-23a4d1f4427f">
      <ot:lokalnyId>48909dfa-11f7-4520-b678-ad5626349075</ot:lokalnyId>
      <ot:przestrzenNazw>PL.PZGiK.336.BDOT10k</ot:przestrzenNazw>
      <ot:wersja>2023-12-28T12:00:00</ot:wersja>
      <ot:poczatekWersjiObiektu>2023-12-28T12:00:00</ot:poczatekWersjiObiektu>
      <ot:oznaczenieZmiany>GI-TOPO.600.116.2023</ot:oznaczenieZmiany>
      <ot:zrodloDanychGeometrycznych>ortofotomapa</ot:zrodloDanychGeometrycznych>
      <ot:kodKarto10k>0010_713</ot:kodKarto10k>
      <ot:geometria>
        <gml:Polygon srsName="EPSG:2180" gml:id="geom.d490c515-5165-46d0-a41b-f148dffbfa04" srsDimension="2">
          <gml:exterior>
            <gml:LinearRing>
              <gml:posList>509188.32 685604.60 509202.70 685598.91 509208.61 685589.30 509215.63 685542.38 509216.00 685508.39 509206.76 685471.07 509189.77 685431.17 509145.43 685376.86 509127.99 685360.70 509111.92 685362.18 509131.10 685390.96 509139.22 685402.87 509185.05 685470.12 509194.64 685511.49 509188.32 685604.60</gml:posList>
            </gml:LinearRing>
          </gml:exterior>
        </gml:Polygon>
      </ot:geometria>
      <ot:rodzaj>krzewy</ot:rodzaj>
    </ot:OT_PTRK_A>
  </gml:featureMember>
  <gml:featureMember>
    <ot:OT_PTRK_A gml:id="OT_PTRK_A.7a1e6f68-f8f4-438c-8c66-e70a496a36c5">
      <ot:lokalnyId>f8da603d-ba01-4c1d-9918-3e0df92f722b</ot:lokalnyId>
      <ot:przestrzenNazw>PL.PZGiK.336.BDOT10k</ot:przestrzenNazw>
      <ot:wersja>2023-12-28T12:00:00</ot:wersja>
      <ot:poczatekWersjiObiektu>2023-12-28T12:00:00</ot:poczatekWersjiObiektu>
      <ot:oznaczenieZmiany>GI-TOPO.600.116.2023</ot:oznaczenieZmiany>
      <ot:zrodloDanychGeometrycznych>ortofotomapa</ot:zrodloDanychGeometrycznych>
      <ot:kodKarto10k>0010_713</ot:kodKarto10k>
      <ot:geometria>
        <gml:Polygon srsName="EPSG:2180" gml:id="geom.7a0850d9-d8b5-42bb-aa09-f39d926b414d" srsDimension="2">
          <gml:exterior>
            <gml:LinearRing>
              <gml:posList>511701.30 697357.78 511696.75 697363.09 511766.99 697382.26 511770.16 697376.57 511701.30 697357.78</gml:posList>
            </gml:LinearRing>
          </gml:exterior>
        </gml:Polygon>
      </ot:geometria>
      <ot:rodzaj>krzewy</ot:rodzaj>
    </ot:OT_PTRK_A>
  </gml:featureMember>
  <gml:featureMember>
    <ot:OT_PTRK_A gml:id="OT_PTRK_A.9c7c4459-9740-4390-a076-45e599d1c5eb">
      <ot:lokalnyId>dbbb45c6-cbec-47b1-a61c-2a6cd0b23415</ot:lokalnyId>
      <ot:przestrzenNazw>PL.PZGiK.336.BDOT10k</ot:przestrzenNazw>
      <ot:wersja>2023-12-28T12:00:00</ot:wersja>
      <ot:poczatekWersjiObiektu>2023-12-28T12:00:00</ot:poczatekWersjiObiektu>
      <ot:oznaczenieZmiany>GI-TOPO.600.116.2023</ot:oznaczenieZmiany>
      <ot:zrodloDanychGeometrycznych>ortofotomapa</ot:zrodloDanychGeometrycznych>
      <ot:kodKarto10k>0010_713</ot:kodKarto10k>
      <ot:geometria>
        <gml:Polygon srsName="EPSG:2180" gml:id="geom.09dfd15c-a4bb-46c9-a732-24bd09f1e048" srsDimension="2">
          <gml:exterior>
            <gml:LinearRing>
              <gml:posList>488782.59 694179.99 488694.15 694208.05 488729.58 694357.44 488801.72 694337.01 488820.91 694332.07 488802.51 694259.25 488782.59 694179.99</gml:posList>
            </gml:LinearRing>
          </gml:exterior>
        </gml:Polygon>
      </ot:geometria>
      <ot:rodzaj>krzewy</ot:rodzaj>
    </ot:OT_PTRK_A>
  </gml:featureMember>
  <gml:featureMember>
    <ot:OT_PTRK_A gml:id="OT_PTRK_A.8f0d3691-1b51-40be-8b50-68e43f46a0e8">
      <ot:lokalnyId>1af43157-f08a-44fa-bf54-064daf675d9d</ot:lokalnyId>
      <ot:przestrzenNazw>PL.PZGiK.336.BDOT10k</ot:przestrzenNazw>
      <ot:wersja>2023-12-28T12:00:00</ot:wersja>
      <ot:poczatekWersjiObiektu>2023-12-28T12:00:00</ot:poczatekWersjiObiektu>
      <ot:oznaczenieZmiany>GI-TOPO.600.116.2023</ot:oznaczenieZmiany>
      <ot:zrodloDanychGeometrycznych>ortofotomapa</ot:zrodloDanychGeometrycznych>
      <ot:kodKarto10k>0010_713</ot:kodKarto10k>
      <ot:geometria>
        <gml:Polygon srsName="EPSG:2180" gml:id="geom.bf7ff3c0-5b07-4c6d-afb2-81589b1e3622" srsDimension="2">
          <gml:exterior>
            <gml:LinearRing>
              <gml:posList>495402.09 688265.75 495406.13 688263.56 495429.91 688250.50 495430.94 688233.65 495434.92 688219.06 495448.62 688196.97 495478.69 688172.35 495456.74 688131.93 495433.96 688145.53 495375.51 688180.69 495387.07 688220.07 495394.27 688250.14 495398.31 688256.51 495402.09 688265.75</gml:posList>
            </gml:LinearRing>
          </gml:exterior>
        </gml:Polygon>
      </ot:geometria>
      <ot:rodzaj>krzewy</ot:rodzaj>
    </ot:OT_PTRK_A>
  </gml:featureMember>
  <gml:featureMember>
    <ot:OT_PTRK_A gml:id="OT_PTRK_A.229f9351-3300-4149-ae31-066df9aaccc4">
      <ot:lokalnyId>28BEDAB7-06BA-F426-E053-CC2BA8C0B2DD</ot:lokalnyId>
      <ot:przestrzenNazw>PL.PZGiK.336.BDOT10k</ot:przestrzenNazw>
      <ot:wersja>2023-12-28T12:00:00</ot:wersja>
      <ot:poczatekWersjiObiektu>2023-12-28T12:00:00</ot:poczatekWersjiObiektu>
      <ot:oznaczenieZmiany>GI-TOPO.600.116.2023</ot:oznaczenieZmiany>
      <ot:zrodloDanychGeometrycznych>ortofotomapa</ot:zrodloDanychGeometrycznych>
      <ot:kodKarto10k>0010_713</ot:kodKarto10k>
      <ot:geometria>
        <gml:Polygon srsName="EPSG:2180" gml:id="geom.76c1a9d9-c4de-4142-916a-a75cccc7ca6f" srsDimension="2">
          <gml:exterior>
            <gml:LinearRing>
              <gml:posList>489240.61 697899.28 489243.00 697916.23 489248.43 697933.50 489254.22 697945.25 489260.33 697955.29 489267.92 697966.75 489270.46 697972.28 489272.59 697977.81 489273.44 697983.76 489276.01 697996.06 489331.17 697986.80 489389.09 697981.56 489411.89 697981.87 489440.54 697985.26 489495.62 698024.20 489536.58 698052.66 489578.09 698071.84 489660.01 698113.51 489723.88 698160.36 489781.42 698205.76 489821.99 698257.80 489916.03 698400.21 489956.70 698440.57 489986.71 698459.96 489923.48 698356.13 489957.29 698366.98 489974.04 698394.70 490011.58 698458.19 490018.94 698469.61 490024.73 698468.58 490021.59 698463.80 489959.90 698356.14 489931.72 698311.33 489891.31 698256.26 489882.08 698245.09 489869.18 698226.94 489867.80 698224.81 489866.62 698222.99 489865.05 698220.57 489852.35 698200.99 489835.80 698178.17 489818.39 698160.49 489797.28 698141.09 489769.60 698122.84 489727.22 698096.36 489697.86 698077.27 489665.98 698057.89 489622.33 698034.49 489624.93 698024.86 489556.02 698002.85 489546.63 697997.27 489531.68 697987.59 489509.69 697977.02 489490.63 697967.93 489475.09 697964.11 489424.04 697958.05 489368.66 697945.05 489345.41 697938.20 489312.96 697926.56 489285.86 697915.38 489262.66 697904.71 489240.61 697899.28</gml:posList>
            </gml:LinearRing>
          </gml:exterior>
        </gml:Polygon>
      </ot:geometria>
      <ot:rodzaj>krzewy</ot:rodzaj>
    </ot:OT_PTRK_A>
  </gml:featureMember>
  <gml:featureMember>
    <ot:OT_PTRK_A gml:id="OT_PTRK_A.0c2814ce-1c86-41cb-9a54-5f7fb8cb10f2">
      <ot:lokalnyId>28BEDAB7-06BB-F426-E053-CC2BA8C0B2DD</ot:lokalnyId>
      <ot:przestrzenNazw>PL.PZGiK.336.BDOT10k</ot:przestrzenNazw>
      <ot:wersja>2023-12-28T12:00:00</ot:wersja>
      <ot:poczatekWersjiObiektu>2023-12-28T12:00:00</ot:poczatekWersjiObiektu>
      <ot:oznaczenieZmiany>GI-TOPO.600.116.2023</ot:oznaczenieZmiany>
      <ot:zrodloDanychGeometrycznych>ortofotomapa</ot:zrodloDanychGeometrycznych>
      <ot:kodKarto10k>0010_713</ot:kodKarto10k>
      <ot:geometria>
        <gml:Polygon srsName="EPSG:2180" gml:id="geom.92533e05-0b60-4779-baf7-b4c090c0019d" srsDimension="2">
          <gml:exterior>
            <gml:LinearRing>
              <gml:posList>500824.54 687306.48 500815.04 687326.37 500829.64 687341.82 500844.87 687349.43 500846.35 687349.86 500866.03 687357.05 500878.30 687358.95 500888.66 687356.84 500891.20 687353.03 500892.26 687347.63 500890.62 687344.80 500883.16 687334.20 500868.78 687315.58 500836.20 687313.47 500827.95 687309.87 500824.54 687306.48</gml:posList>
            </gml:LinearRing>
          </gml:exterior>
        </gml:Polygon>
      </ot:geometria>
      <ot:rodzaj>krzewy</ot:rodzaj>
    </ot:OT_PTRK_A>
  </gml:featureMember>
  <gml:featureMember>
    <ot:OT_PTRK_A gml:id="OT_PTRK_A.c07809c5-9898-49a1-89de-01e38ef08da4">
      <ot:lokalnyId>28BEDAB7-06B2-F426-E053-CC2BA8C0B2DD</ot:lokalnyId>
      <ot:przestrzenNazw>PL.PZGiK.336.BDOT10k</ot:przestrzenNazw>
      <ot:wersja>2023-12-28T12:00:00</ot:wersja>
      <ot:poczatekWersjiObiektu>2023-12-28T12:00:00</ot:poczatekWersjiObiektu>
      <ot:oznaczenieZmiany>GI-TOPO.600.116.2023</ot:oznaczenieZmiany>
      <ot:zrodloDanychGeometrycznych>ortofotomapa</ot:zrodloDanychGeometrycznych>
      <ot:kodKarto10k>0010_713</ot:kodKarto10k>
      <ot:geometria>
        <gml:Polygon srsName="EPSG:2180" gml:id="geom.8a69ef20-cacb-42ec-95a9-271ff1b010cf" srsDimension="2">
          <gml:exterior>
            <gml:LinearRing>
              <gml:posList>508312.19 685740.34 508319.29 685764.04 508406.93 685724.22 508444.35 685701.48 508468.51 685675.88 508516.64 685658.50 508535.30 685638.92 508500.98 685597.55 508476.47 685616.80 508438.35 685645.11 508406.89 685664.08 508380.28 685677.21 508366.25 685683.46 508362.11 685685.30 508334.02 685696.97 508314.59 685705.52 508312.19 685740.34</gml:posList>
            </gml:LinearRing>
          </gml:exterior>
        </gml:Polygon>
      </ot:geometria>
      <ot:rodzaj>krzewy</ot:rodzaj>
    </ot:OT_PTRK_A>
  </gml:featureMember>
  <gml:featureMember>
    <ot:OT_PTRK_A gml:id="OT_PTRK_A.dc431811-6953-489c-8274-9a0ec1577038">
      <ot:lokalnyId>28BEDAB7-06BC-F426-E053-CC2BA8C0B2DD</ot:lokalnyId>
      <ot:przestrzenNazw>PL.PZGiK.336.BDOT10k</ot:przestrzenNazw>
      <ot:wersja>2023-12-28T12:00:00</ot:wersja>
      <ot:poczatekWersjiObiektu>2023-12-28T12:00:00</ot:poczatekWersjiObiektu>
      <ot:oznaczenieZmiany>GI-TOPO.600.116.2023</ot:oznaczenieZmiany>
      <ot:zrodloDanychGeometrycznych>ortofotomapa</ot:zrodloDanychGeometrycznych>
      <ot:kodKarto10k>0010_713</ot:kodKarto10k>
      <ot:geometria>
        <gml:Polygon srsName="EPSG:2180" gml:id="geom.99fc7fb6-d2d7-47d4-aa0a-c30a82bd1a07" srsDimension="2">
          <gml:exterior>
            <gml:LinearRing>
              <gml:posList>514083.95 696591.00 514135.09 696604.76 514141.51 696581.38 514144.73 696566.34 514105.86 696556.93 514102.52 696557.80 514094.13 696564.61 514083.95 696591.00</gml:posList>
            </gml:LinearRing>
          </gml:exterior>
        </gml:Polygon>
      </ot:geometria>
      <ot:rodzaj>krzewy</ot:rodzaj>
    </ot:OT_PTRK_A>
  </gml:featureMember>
  <gml:featureMember>
    <ot:OT_PTRK_A gml:id="OT_PTRK_A.fca8114d-9a4a-4e4b-a4b7-3247e9423301">
      <ot:lokalnyId>28BEDAB7-06BD-F426-E053-CC2BA8C0B2DD</ot:lokalnyId>
      <ot:przestrzenNazw>PL.PZGiK.336.BDOT10k</ot:przestrzenNazw>
      <ot:wersja>2023-12-28T12:00:00</ot:wersja>
      <ot:poczatekWersjiObiektu>2023-12-28T12:00:00</ot:poczatekWersjiObiektu>
      <ot:oznaczenieZmiany>GI-TOPO.600.116.2023</ot:oznaczenieZmiany>
      <ot:zrodloDanychGeometrycznych>ortofotomapa</ot:zrodloDanychGeometrycznych>
      <ot:kodKarto10k>0010_713</ot:kodKarto10k>
      <ot:geometria>
        <gml:Polygon srsName="EPSG:2180" gml:id="geom.c9591105-f58b-4d66-87d5-70742e6d5fec" srsDimension="2">
          <gml:exterior>
            <gml:LinearRing>
              <gml:posList>509077.46 690081.10 509111.57 690140.61 509158.74 690124.46 509206.66 690194.38 509265.94 690149.37 509256.99 690138.68 509207.92 690083.88 509184.20 690102.48 509112.81 689960.15 509084.36 689942.17 509039.93 689978.63 509093.34 690072.02 509077.46 690081.10</gml:posList>
            </gml:LinearRing>
          </gml:exterior>
        </gml:Polygon>
      </ot:geometria>
      <ot:rodzaj>krzewy</ot:rodzaj>
    </ot:OT_PTRK_A>
  </gml:featureMember>
  <gml:featureMember>
    <ot:OT_PTRK_A gml:id="OT_PTRK_A.621014f5-0bc6-446a-8708-50ffa419c597">
      <ot:lokalnyId>28BEDAB7-06BE-F426-E053-CC2BA8C0B2DD</ot:lokalnyId>
      <ot:przestrzenNazw>PL.PZGiK.336.BDOT10k</ot:przestrzenNazw>
      <ot:wersja>2023-12-28T12:00:00</ot:wersja>
      <ot:poczatekWersjiObiektu>2023-12-28T12:00:00</ot:poczatekWersjiObiektu>
      <ot:oznaczenieZmiany>GI-TOPO.600.116.2023</ot:oznaczenieZmiany>
      <ot:zrodloDanychGeometrycznych>ortofotomapa</ot:zrodloDanychGeometrycznych>
      <ot:kodKarto10k>0010_713</ot:kodKarto10k>
      <ot:geometria>
        <gml:Polygon srsName="EPSG:2180" gml:id="geom.b3d29c78-43c4-4f18-b25c-5d72723fe0e2" srsDimension="2">
          <gml:exterior>
            <gml:LinearRing>
              <gml:posList>509373.09 686014.68 509439.41 686104.73 509464.52 686092.40 509491.05 686159.23 509534.87 686125.65 509558.91 686089.59 509545.05 686074.87 509523.73 686067.76 509455.52 686053.07 509439.41 686061.60 509395.36 686002.36 509373.09 686014.68</gml:posList>
            </gml:LinearRing>
          </gml:exterior>
        </gml:Polygon>
      </ot:geometria>
      <ot:rodzaj>krzewy</ot:rodzaj>
    </ot:OT_PTRK_A>
  </gml:featureMember>
  <gml:featureMember>
    <ot:OT_PTRK_A gml:id="OT_PTRK_A.24d3e007-36d7-47eb-8bf8-5cc961cac0cf">
      <ot:lokalnyId>28BEDAB7-06C1-F426-E053-CC2BA8C0B2DD</ot:lokalnyId>
      <ot:przestrzenNazw>PL.PZGiK.336.BDOT10k</ot:przestrzenNazw>
      <ot:wersja>2023-12-28T12:00:00</ot:wersja>
      <ot:poczatekWersjiObiektu>2023-12-28T12:00:00</ot:poczatekWersjiObiektu>
      <ot:oznaczenieZmiany>GI-TOPO.600.116.2023</ot:oznaczenieZmiany>
      <ot:zrodloDanychGeometrycznych>ortofotomapa</ot:zrodloDanychGeometrycznych>
      <ot:kodKarto10k>0010_713</ot:kodKarto10k>
      <ot:geometria>
        <gml:Polygon srsName="EPSG:2180" gml:id="geom.7373c2b0-424f-4340-ad75-6ffbf1bd702d" srsDimension="2">
          <gml:exterior>
            <gml:LinearRing>
              <gml:posList>501557.68 680826.78 501567.04 680841.08 501584.71 680855.65 501601.86 680862.15 501625.77 680863.97 501642.14 680862.67 501648.11 680856.17 501648.89 680847.59 501639.54 680829.64 501628.36 680807.53 501608.09 680779.71 501591.72 680766.44 501581.33 680766.18 501569.89 680773.47 501557.94 680812.48 501557.68 680826.78</gml:posList>
            </gml:LinearRing>
          </gml:exterior>
        </gml:Polygon>
      </ot:geometria>
      <ot:rodzaj>krzewy</ot:rodzaj>
    </ot:OT_PTRK_A>
  </gml:featureMember>
  <gml:featureMember>
    <ot:OT_PTRK_A gml:id="OT_PTRK_A.c13fa712-8f09-4397-b7a6-8aab81f95d48">
      <ot:lokalnyId>28BEDAB7-0699-F426-E053-CC2BA8C0B2DD</ot:lokalnyId>
      <ot:przestrzenNazw>PL.PZGiK.336.BDOT10k</ot:przestrzenNazw>
      <ot:wersja>2023-12-28T12:00:00</ot:wersja>
      <ot:poczatekWersjiObiektu>2023-12-28T12:00:00</ot:poczatekWersjiObiektu>
      <ot:oznaczenieZmiany>GI-TOPO.600.116.2023</ot:oznaczenieZmiany>
      <ot:zrodloDanychGeometrycznych>ortofotomapa</ot:zrodloDanychGeometrycznych>
      <ot:kodKarto10k>0010_713</ot:kodKarto10k>
      <ot:geometria>
        <gml:Polygon srsName="EPSG:2180" gml:id="geom.70bbd3f7-0b8d-4480-8125-0c3ca940d950" srsDimension="2">
          <gml:exterior>
            <gml:LinearRing>
              <gml:posList>503695.35 680947.37 503701.16 680947.98 503720.43 680944.31 503749.81 680932.06 503771.53 680914.91 503774.28 680908.79 503753.24 680858.20 503747.64 680860.84 503764.91 680910.79 503729.15 680928.63 503696.00 680943.88 503695.35 680947.37</gml:posList>
            </gml:LinearRing>
          </gml:exterior>
        </gml:Polygon>
      </ot:geometria>
      <ot:rodzaj>krzewy</ot:rodzaj>
    </ot:OT_PTRK_A>
  </gml:featureMember>
  <gml:featureMember>
    <ot:OT_PTRK_A gml:id="OT_PTRK_A.3c1930ec-ff68-4d8d-af4f-b0fef35d5816">
      <ot:lokalnyId>28BEDAB7-068D-F426-E053-CC2BA8C0B2DD</ot:lokalnyId>
      <ot:przestrzenNazw>PL.PZGiK.336.BDOT10k</ot:przestrzenNazw>
      <ot:wersja>2023-12-28T12:00:00</ot:wersja>
      <ot:poczatekWersjiObiektu>2023-12-28T12:00:00</ot:poczatekWersjiObiektu>
      <ot:oznaczenieZmiany>GI-TOPO.600.116.2023</ot:oznaczenieZmiany>
      <ot:zrodloDanychGeometrycznych>ortofotomapa</ot:zrodloDanychGeometrycznych>
      <ot:kodKarto10k>0010_713</ot:kodKarto10k>
      <ot:geometria>
        <gml:Polygon srsName="EPSG:2180" gml:id="geom.9d3103ca-2319-4366-9a99-f2b79e057a60" srsDimension="2">
          <gml:exterior>
            <gml:LinearRing>
              <gml:posList>509282.33 684139.34 509297.23 684145.77 509283.93 684188.67 509296.37 684262.90 509295.94 684292.08 509283.91 684324.31 509383.00 684356.09 509365.11 684299.92 509383.38 684254.20 509368.30 684205.53 509356.45 684162.35 509345.23 684122.76 509340.79 684115.14 509335.50 684113.87 509321.53 684113.66 509292.65 684117.72 509282.33 684139.34</gml:posList>
            </gml:LinearRing>
          </gml:exterior>
        </gml:Polygon>
      </ot:geometria>
      <ot:rodzaj>krzewy</ot:rodzaj>
    </ot:OT_PTRK_A>
  </gml:featureMember>
  <gml:featureMember>
    <ot:OT_PTRK_A gml:id="OT_PTRK_A.bfe468d4-02ee-4ba3-a03e-a6e6044b7255">
      <ot:lokalnyId>28BEDAB7-069C-F426-E053-CC2BA8C0B2DD</ot:lokalnyId>
      <ot:przestrzenNazw>PL.PZGiK.336.BDOT10k</ot:przestrzenNazw>
      <ot:wersja>2023-12-28T12:00:00</ot:wersja>
      <ot:poczatekWersjiObiektu>2023-12-28T12:00:00</ot:poczatekWersjiObiektu>
      <ot:oznaczenieZmiany>GI-TOPO.600.116.2023</ot:oznaczenieZmiany>
      <ot:zrodloDanychGeometrycznych>ortofotomapa</ot:zrodloDanychGeometrycznych>
      <ot:kodKarto10k>0010_713</ot:kodKarto10k>
      <ot:geometria>
        <gml:Polygon srsName="EPSG:2180" gml:id="geom.044bcc59-d77a-4fa2-a771-38c5fa0b5db5" srsDimension="2">
          <gml:exterior>
            <gml:LinearRing>
              <gml:posList>499788.18 686825.66 499795.52 686806.72 499809.35 686800.48 499833.22 686802.10 499840.00 686800.21 499851.39 686789.09 499862.78 686786.10 499869.56 686789.36 499875.80 686806.72 499881.08 686809.01 499885.22 686807.02 499890.51 686796.44 499899.44 686783.21 499907.04 686777.92 499911.34 686777.26 499919.74 686780.57 499922.45 686777.15 499921.91 686772.54 499905.37 686757.35 499886.11 686743.52 499874.51 686741.58 499838.05 686749.98 499771.10 686775.27 499773.47 686790.89 499768.26 686804.62 499745.96 686821.36 499788.18 686825.66</gml:posList>
            </gml:LinearRing>
          </gml:exterior>
        </gml:Polygon>
      </ot:geometria>
      <ot:rodzaj>krzewy</ot:rodzaj>
    </ot:OT_PTRK_A>
  </gml:featureMember>
  <gml:featureMember>
    <ot:OT_PTRK_A gml:id="OT_PTRK_A.5acbec9f-30fc-42b0-a6a5-a51350dfa846">
      <ot:lokalnyId>28BEDAB7-068E-F426-E053-CC2BA8C0B2DD</ot:lokalnyId>
      <ot:przestrzenNazw>PL.PZGiK.336.BDOT10k</ot:przestrzenNazw>
      <ot:wersja>2023-12-28T12:00:00</ot:wersja>
      <ot:poczatekWersjiObiektu>2023-12-28T12:00:00</ot:poczatekWersjiObiektu>
      <ot:oznaczenieZmiany>GI-TOPO.600.116.2023</ot:oznaczenieZmiany>
      <ot:zrodloDanychGeometrycznych>ortofotomapa</ot:zrodloDanychGeometrycznych>
      <ot:kodKarto10k>0010_713</ot:kodKarto10k>
      <ot:geometria>
        <gml:Polygon srsName="EPSG:2180" gml:id="geom.9b6bb738-90a7-4107-b3c4-94c255d87dff" srsDimension="2">
          <gml:exterior>
            <gml:LinearRing>
              <gml:posList>499324.09 683563.73 499330.78 683576.84 499344.44 683584.65 499356.15 683584.93 499361.72 683578.61 499362.84 683572.47 499368.70 683562.71 499378.18 683550.71 499389.61 683528.95 499406.90 683510.26 499427.26 683503.75 499412.48 683498.45 499394.63 683499.01 499385.71 683503.75 499378.74 683517.14 499376.61 683542.95 499372.82 683545.68 499369.59 683528.97 499366.30 683532.43 499367.35 683541.68 499363.56 683543.79 499354.20 683535.69 499341.66 683539.74 499329.67 683548.94 499325.48 683557.59 499324.09 683563.73</gml:posList>
            </gml:LinearRing>
          </gml:exterior>
        </gml:Polygon>
      </ot:geometria>
      <ot:rodzaj>krzewy</ot:rodzaj>
    </ot:OT_PTRK_A>
  </gml:featureMember>
  <gml:featureMember>
    <ot:OT_PTRK_A gml:id="OT_PTRK_A.8f127853-3b8b-4b79-bed7-b3686c2ace14">
      <ot:lokalnyId>28BEDAB7-068F-F426-E053-CC2BA8C0B2DD</ot:lokalnyId>
      <ot:przestrzenNazw>PL.PZGiK.336.BDOT10k</ot:przestrzenNazw>
      <ot:wersja>2023-12-28T12:00:00</ot:wersja>
      <ot:poczatekWersjiObiektu>2023-12-28T12:00:00</ot:poczatekWersjiObiektu>
      <ot:oznaczenieZmiany>GI-TOPO.600.116.2023</ot:oznaczenieZmiany>
      <ot:zrodloDanychGeometrycznych>ortofotomapa</ot:zrodloDanychGeometrycznych>
      <ot:kodKarto10k>0010_713</ot:kodKarto10k>
      <ot:geometria>
        <gml:Polygon srsName="EPSG:2180" gml:id="geom.1597d5f0-fd61-4701-8311-098222cf63dc" srsDimension="2">
          <gml:exterior>
            <gml:LinearRing>
              <gml:posList>504751.52 681954.76 504742.36 681964.35 504671.91 682005.30 504660.49 682008.65 504568.96 681992.61 504488.56 682011.27 504491.07 682017.74 504496.12 682028.89 504499.27 682036.05 504503.46 682040.11 504510.07 682048.98 504518.94 682060.95 504533.37 682079.31 504553.32 682106.53 504560.06 682115.02 504602.30 682094.20 504619.74 682094.76 504661.37 682104.33 504793.91 682064.38 504828.39 682064.74 504859.54 682045.20 504871.88 682023.06 504872.97 682001.64 504863.90 681971.87 504847.57 681948.63 504835.24 681942.03 504826.64 681944.78 504829.10 681957.04 504828.43 681966.18 504824.64 681972.20 504817.28 681978.44 504779.89 681989.77 504783.07 681978.98 504783.76 681973.30 504751.52 681954.76</gml:posList>
            </gml:LinearRing>
          </gml:exterior>
          <gml:interior>
            <gml:LinearRing>
              <gml:posList>504781.17 682036.21 504784.09 682053.96 504783.19 682056.88 504776.45 682058.91 504773.08 682057.78 504769.94 682055.09 504767.02 682050.59 504765.00 682043.18 504763.20 682027.23 504763.20 682021.61 504764.77 682017.34 504769.49 682015.32 504773.98 682016.44 504777.80 682020.04 504781.17 682036.21</gml:posList>
            </gml:LinearRing>
          </gml:interior>
        </gml:Polygon>
      </ot:geometria>
      <ot:rodzaj>krzewy</ot:rodzaj>
    </ot:OT_PTRK_A>
  </gml:featureMember>
  <gml:featureMember>
    <ot:OT_PTRK_A gml:id="OT_PTRK_A.fa100990-6015-4338-bcd5-c0ba8bfe468d">
      <ot:lokalnyId>28BEDAB7-0690-F426-E053-CC2BA8C0B2DD</ot:lokalnyId>
      <ot:przestrzenNazw>PL.PZGiK.336.BDOT10k</ot:przestrzenNazw>
      <ot:wersja>2023-12-28T12:00:00</ot:wersja>
      <ot:poczatekWersjiObiektu>2023-12-28T12:00:00</ot:poczatekWersjiObiektu>
      <ot:oznaczenieZmiany>GI-TOPO.600.116.2023</ot:oznaczenieZmiany>
      <ot:zrodloDanychGeometrycznych>ortofotomapa</ot:zrodloDanychGeometrycznych>
      <ot:kodKarto10k>0010_713</ot:kodKarto10k>
      <ot:geometria>
        <gml:Polygon srsName="EPSG:2180" gml:id="geom.68259830-05be-4ea3-8532-c1a3dfc2a517" srsDimension="2">
          <gml:exterior>
            <gml:LinearRing>
              <gml:posList>506953.38 686407.70 506936.68 686412.02 506929.43 686419.57 507042.70 686602.73 507115.06 686717.49 507120.31 686727.03 507123.42 686736.36 507131.97 686771.95 507142.87 686820.97 507159.08 686831.70 507174.10 686831.72 507149.14 686713.15 507136.00 686690.49 507040.58 686542.73 506953.38 686407.70</gml:posList>
            </gml:LinearRing>
          </gml:exterior>
        </gml:Polygon>
      </ot:geometria>
      <ot:rodzaj>krzewy</ot:rodzaj>
    </ot:OT_PTRK_A>
  </gml:featureMember>
  <gml:featureMember>
    <ot:OT_PTRK_A gml:id="OT_PTRK_A.f0623649-a8c6-41f5-aeba-535ac31ad73d">
      <ot:lokalnyId>28BEDAB7-0693-F426-E053-CC2BA8C0B2DD</ot:lokalnyId>
      <ot:przestrzenNazw>PL.PZGiK.336.BDOT10k</ot:przestrzenNazw>
      <ot:wersja>2023-12-28T12:00:00</ot:wersja>
      <ot:poczatekWersjiObiektu>2023-12-28T12:00:00</ot:poczatekWersjiObiektu>
      <ot:oznaczenieZmiany>GI-TOPO.600.116.2023</ot:oznaczenieZmiany>
      <ot:zrodloDanychGeometrycznych>ortofotomapa</ot:zrodloDanychGeometrycznych>
      <ot:kodKarto10k>0010_713</ot:kodKarto10k>
      <ot:geometria>
        <gml:Polygon srsName="EPSG:2180" gml:id="geom.45c44f53-6fcc-4f2f-96d6-30141a6376d1" srsDimension="2">
          <gml:exterior>
            <gml:LinearRing>
              <gml:posList>495651.49 678630.52 495655.02 678646.56 495664.31 678659.71 495674.89 678665.81 495685.15 678679.28 495705.35 678715.86 495747.34 678776.17 495754.07 678780.66 495764.33 678780.66 495771.06 678772.64 495772.66 678763.34 495757.92 678755.96 495751.51 678740.56 495739.00 678713.29 495717.85 678681.21 495699.25 678655.54 495680.98 678633.73 495658.54 678623.14 495651.49 678630.52</gml:posList>
            </gml:LinearRing>
          </gml:exterior>
        </gml:Polygon>
      </ot:geometria>
      <ot:rodzaj>krzewy</ot:rodzaj>
    </ot:OT_PTRK_A>
  </gml:featureMember>
  <gml:featureMember>
    <ot:OT_PTRK_A gml:id="OT_PTRK_A.93a7b62a-083b-46ae-af76-0097b3a1761b">
      <ot:lokalnyId>28BEDAB7-0694-F426-E053-CC2BA8C0B2DD</ot:lokalnyId>
      <ot:przestrzenNazw>PL.PZGiK.336.BDOT10k</ot:przestrzenNazw>
      <ot:wersja>2023-12-28T12:00:00</ot:wersja>
      <ot:poczatekWersjiObiektu>2023-12-28T12:00:00</ot:poczatekWersjiObiektu>
      <ot:oznaczenieZmiany>GI-TOPO.600.116.2023</ot:oznaczenieZmiany>
      <ot:zrodloDanychGeometrycznych>ortofotomapa</ot:zrodloDanychGeometrycznych>
      <ot:kodKarto10k>0010_713</ot:kodKarto10k>
      <ot:geometria>
        <gml:Polygon srsName="EPSG:2180" gml:id="geom.74d71523-324e-4a8b-8305-90f56fa94fbd" srsDimension="2">
          <gml:exterior>
            <gml:LinearRing>
              <gml:posList>499798.04 682907.63 499807.18 682918.94 499835.24 682938.39 499843.85 682932.78 499853.20 682926.42 499860.68 682926.42 499869.29 682934.65 499882.76 682936.90 499894.36 682927.54 499891.74 682917.81 499861.43 682897.97 499846.47 682889.36 499836.74 682890.11 499824.39 682890.86 499809.43 682880.00 499790.72 682871.02 499780.99 682871.77 499766.74 682888.84 499776.88 682894.23 499786.98 682900.59 499798.04 682907.63</gml:posList>
            </gml:LinearRing>
          </gml:exterior>
        </gml:Polygon>
      </ot:geometria>
      <ot:rodzaj>krzewy</ot:rodzaj>
    </ot:OT_PTRK_A>
  </gml:featureMember>
  <gml:featureMember>
    <ot:OT_PTRK_A gml:id="OT_PTRK_A.5851ce65-abea-4c40-9ea5-ffba5d543933">
      <ot:lokalnyId>28BEDAB7-06B3-F426-E053-CC2BA8C0B2DD</ot:lokalnyId>
      <ot:przestrzenNazw>PL.PZGiK.336.BDOT10k</ot:przestrzenNazw>
      <ot:wersja>2023-12-28T12:00:00</ot:wersja>
      <ot:poczatekWersjiObiektu>2023-12-28T12:00:00</ot:poczatekWersjiObiektu>
      <ot:oznaczenieZmiany>GI-TOPO.600.116.2023</ot:oznaczenieZmiany>
      <ot:zrodloDanychGeometrycznych>ortofotomapa</ot:zrodloDanychGeometrycznych>
      <ot:kodKarto10k>0010_713</ot:kodKarto10k>
      <ot:geometria>
        <gml:Polygon srsName="EPSG:2180" gml:id="geom.e3a3be12-8a01-4325-a577-b451afd2c5a9" srsDimension="2">
          <gml:exterior>
            <gml:LinearRing>
              <gml:posList>494037.83 678570.20 494068.22 678571.03 494086.49 678570.06 494099.26 678567.28 494109.27 678562.27 494118.02 678556.84 494126.15 678548.89 494131.69 678539.90 494135.95 678523.93 494147.61 678481.69 494152.06 678472.25 494157.62 678465.02 494168.73 678456.68 494161.94 678441.35 494148.75 678431.93 494134.40 678432.98 494113.91 678451.89 494115.92 678454.12 494116.14 678457.03 494114.58 678463.96 494086.67 678504.56 494080.86 678509.70 494053.61 678519.08 494025.29 678527.76 494003.18 678537.59 493984.42 678547.20 493970.79 678551.45 493951.59 678554.58 493933.97 678559.70 493912.09 678571.32 493892.65 678580.49 493888.86 678585.63 493890.87 678589.15 493922.12 678585.59 493934.80 678582.64 493958.56 678575.74 493969.31 678573.81 494013.19 678572.31 494037.83 678570.20</gml:posList>
            </gml:LinearRing>
          </gml:exterior>
        </gml:Polygon>
      </ot:geometria>
      <ot:rodzaj>krzewy</ot:rodzaj>
    </ot:OT_PTRK_A>
  </gml:featureMember>
  <gml:featureMember>
    <ot:OT_PTRK_A gml:id="OT_PTRK_A.2f00f060-6ee7-4229-8c00-286f1fdac568">
      <ot:lokalnyId>28BEDAB7-06B4-F426-E053-CC2BA8C0B2DD</ot:lokalnyId>
      <ot:przestrzenNazw>PL.PZGiK.336.BDOT10k</ot:przestrzenNazw>
      <ot:wersja>2023-12-28T12:00:00</ot:wersja>
      <ot:poczatekWersjiObiektu>2023-12-28T12:00:00</ot:poczatekWersjiObiektu>
      <ot:oznaczenieZmiany>GI-TOPO.600.116.2023</ot:oznaczenieZmiany>
      <ot:zrodloDanychGeometrycznych>ortofotomapa</ot:zrodloDanychGeometrycznych>
      <ot:kodKarto10k>0010_713</ot:kodKarto10k>
      <ot:geometria>
        <gml:Polygon srsName="EPSG:2180" gml:id="geom.a6be2de7-fc6f-4d9f-a056-df7d33630521" srsDimension="2">
          <gml:exterior>
            <gml:LinearRing>
              <gml:posList>495102.18 678302.87 495105.11 678314.96 495128.67 678330.65 495182.49 678367.45 495196.20 678363.77 495194.39 678354.45 495189.18 678344.04 495177.84 678332.68 495164.12 678319.91 495161.76 678305.24 495159.40 678291.04 495148.52 678282.05 495133.39 678285.84 495112.58 678292.46 495102.18 678302.87</gml:posList>
            </gml:LinearRing>
          </gml:exterior>
        </gml:Polygon>
      </ot:geometria>
      <ot:rodzaj>krzewy</ot:rodzaj>
    </ot:OT_PTRK_A>
  </gml:featureMember>
  <gml:featureMember>
    <ot:OT_PTRK_A gml:id="OT_PTRK_A.d30924b9-5095-42c4-b96b-10a816703760">
      <ot:lokalnyId>28BEDAB7-06B6-F426-E053-CC2BA8C0B2DD</ot:lokalnyId>
      <ot:przestrzenNazw>PL.PZGiK.336.BDOT10k</ot:przestrzenNazw>
      <ot:wersja>2023-12-28T12:00:00</ot:wersja>
      <ot:poczatekWersjiObiektu>2023-12-28T12:00:00</ot:poczatekWersjiObiektu>
      <ot:oznaczenieZmiany>GI-TOPO.600.116.2023</ot:oznaczenieZmiany>
      <ot:zrodloDanychGeometrycznych>ortofotomapa</ot:zrodloDanychGeometrycznych>
      <ot:kodKarto10k>0010_713</ot:kodKarto10k>
      <ot:geometria>
        <gml:Polygon srsName="EPSG:2180" gml:id="geom.56652c6c-4a6d-460d-808a-1879caec8f17" srsDimension="2">
          <gml:exterior>
            <gml:LinearRing>
              <gml:posList>505801.57 688346.22 505806.20 688416.16 505807.49 688445.11 505837.84 688386.21 505812.70 688355.85 505801.57 688346.22</gml:posList>
            </gml:LinearRing>
          </gml:exterior>
        </gml:Polygon>
      </ot:geometria>
      <ot:rodzaj>krzewy</ot:rodzaj>
    </ot:OT_PTRK_A>
  </gml:featureMember>
  <gml:featureMember>
    <ot:OT_PTRK_A gml:id="OT_PTRK_A.f33dc1b3-a1f9-4743-8a03-b6b205c99e54">
      <ot:lokalnyId>28BEDAB7-06B7-F426-E053-CC2BA8C0B2DD</ot:lokalnyId>
      <ot:przestrzenNazw>PL.PZGiK.336.BDOT10k</ot:przestrzenNazw>
      <ot:wersja>2023-12-28T12:00:00</ot:wersja>
      <ot:poczatekWersjiObiektu>2023-12-28T12:00:00</ot:poczatekWersjiObiektu>
      <ot:oznaczenieZmiany>GI-TOPO.600.116.2023</ot:oznaczenieZmiany>
      <ot:zrodloDanychGeometrycznych>ortofotomapa</ot:zrodloDanychGeometrycznych>
      <ot:kodKarto10k>0010_713</ot:kodKarto10k>
      <ot:geometria>
        <gml:Polygon srsName="EPSG:2180" gml:id="geom.298ce921-c3ef-4cfb-afc3-8143f73ea041" srsDimension="2">
          <gml:exterior>
            <gml:LinearRing>
              <gml:posList>509950.18 695377.64 509956.77 695383.48 509962.22 695384.04 509972.95 695383.48 509974.27 695379.71 509991.58 695316.47 509991.02 695314.40 509976.53 695321.74 509949.43 695335.11 509950.37 695340.38 509948.49 695365.78 509950.18 695377.64</gml:posList>
            </gml:LinearRing>
          </gml:exterior>
        </gml:Polygon>
      </ot:geometria>
      <ot:rodzaj>krzewy</ot:rodzaj>
    </ot:OT_PTRK_A>
  </gml:featureMember>
  <gml:featureMember>
    <ot:OT_PTRK_A gml:id="OT_PTRK_A.757239f1-e0b7-4f1f-a0a9-fb8628f84f92">
      <ot:lokalnyId>f1db0e66-c009-4783-a5c7-2f34061115b9</ot:lokalnyId>
      <ot:przestrzenNazw>PL.PZGiK.336.BDOT10k</ot:przestrzenNazw>
      <ot:wersja>2023-12-28T12:00:00</ot:wersja>
      <ot:poczatekWersjiObiektu>2023-12-28T12:00:00</ot:poczatekWersjiObiektu>
      <ot:oznaczenieZmiany>GI-TOPO.600.116.2023</ot:oznaczenieZmiany>
      <ot:zrodloDanychGeometrycznych>ortofotomapa</ot:zrodloDanychGeometrycznych>
      <ot:kodKarto10k>0010_713</ot:kodKarto10k>
      <ot:geometria>
        <gml:Polygon srsName="EPSG:2180" gml:id="geom.29d8f874-9544-4ebb-8087-81d97a21504c" srsDimension="2">
          <gml:exterior>
            <gml:LinearRing>
              <gml:posList>489418.01 694389.38 489421.67 694410.77 489426.80 694418.95 489448.12 694425.05 489454.99 694422.93 489476.15 694421.87 489502.60 694429.81 489516.88 694443.03 489536.45 694471.06 489545.97 694486.40 489552.32 694514.96 489547.03 694529.25 489533.80 694541.94 489519.52 694547.76 489449.17 694546.70 489443.36 694552.52 489442.67 694563.98 489469.65 694566.55 489492.05 694571.28 489550.06 694571.55 489603.18 694567.81 489644.39 694569.73 489646.46 694558.39 489632.41 694555.93 489616.58 694550.47 489606.02 694537.54 489582.42 694498.33 489555.49 694452.82 489541.48 694436.07 489523.75 694417.42 489515.56 694412.32 489501.36 694409.77 489459.14 694403.22 489430.20 694395.75 489418.01 694389.38</gml:posList>
            </gml:LinearRing>
          </gml:exterior>
        </gml:Polygon>
      </ot:geometria>
      <ot:rodzaj>krzewy</ot:rodzaj>
    </ot:OT_PTRK_A>
  </gml:featureMember>
  <gml:featureMember>
    <ot:OT_PTRK_A gml:id="OT_PTRK_A.dd91eba0-c6b8-4fb2-943d-1fc191d7af25">
      <ot:lokalnyId>28BEDAB7-069A-F426-E053-CC2BA8C0B2DD</ot:lokalnyId>
      <ot:przestrzenNazw>PL.PZGiK.336.BDOT10k</ot:przestrzenNazw>
      <ot:wersja>2023-12-28T12:00:00</ot:wersja>
      <ot:poczatekWersjiObiektu>2023-12-28T12:00:00</ot:poczatekWersjiObiektu>
      <ot:oznaczenieZmiany>GI-TOPO.600.116.2023</ot:oznaczenieZmiany>
      <ot:zrodloDanychGeometrycznych>ortofotomapa</ot:zrodloDanychGeometrycznych>
      <ot:kodKarto10k>0010_713</ot:kodKarto10k>
      <ot:geometria>
        <gml:Polygon srsName="EPSG:2180" gml:id="geom.cfe003aa-045b-44cb-9efc-772c0a368531" srsDimension="2">
          <gml:exterior>
            <gml:LinearRing>
              <gml:posList>491572.80 698234.07 491621.74 698230.70 491656.40 698227.91 491688.89 698225.75 491685.29 698213.95 491669.36 698208.82 491597.52 698196.68 491574.21 698194.76 491573.26 698221.38 491572.80 698234.07</gml:posList>
            </gml:LinearRing>
          </gml:exterior>
        </gml:Polygon>
      </ot:geometria>
      <ot:rodzaj>krzewy</ot:rodzaj>
    </ot:OT_PTRK_A>
  </gml:featureMember>
  <gml:featureMember>
    <ot:OT_PTRK_A gml:id="OT_PTRK_A.c66b86d8-5df9-4e46-b191-40a765cd3bff">
      <ot:lokalnyId>28BEDAB7-069B-F426-E053-CC2BA8C0B2DD</ot:lokalnyId>
      <ot:przestrzenNazw>PL.PZGiK.336.BDOT10k</ot:przestrzenNazw>
      <ot:wersja>2023-12-28T12:00:00</ot:wersja>
      <ot:poczatekWersjiObiektu>2023-12-28T12:00:00</ot:poczatekWersjiObiektu>
      <ot:oznaczenieZmiany>GI-TOPO.600.116.2023</ot:oznaczenieZmiany>
      <ot:zrodloDanychGeometrycznych>ortofotomapa</ot:zrodloDanychGeometrycznych>
      <ot:kodKarto10k>0010_713</ot:kodKarto10k>
      <ot:geometria>
        <gml:Polygon srsName="EPSG:2180" gml:id="geom.40c9f68c-0915-4e9b-ad54-7a3fbfbe5c56" srsDimension="2">
          <gml:exterior>
            <gml:LinearRing>
              <gml:posList>493245.59 677096.76 493247.11 677128.21 493247.82 677156.44 493249.23 677192.51 493250.66 677210.89 493267.95 677198.68 493279.80 677195.83 493289.99 677193.93 493287.63 677184.12 493280.99 677160.88 493280.99 677136.69 493284.07 677109.89 493282.93 677096.71 493283.16 677083.78 493283.46 677073.30 493277.48 677061.33 493272.69 677053.26 493267.91 677042.78 493267.61 677026.32 493266.11 677017.65 493256.63 677014.95 493252.36 677039.19 493249.97 677061.93 493246.98 677084.97 493245.59 677096.76</gml:posList>
            </gml:LinearRing>
          </gml:exterior>
        </gml:Polygon>
      </ot:geometria>
      <ot:rodzaj>krzewy</ot:rodzaj>
    </ot:OT_PTRK_A>
  </gml:featureMember>
  <gml:featureMember>
    <ot:OT_PTRK_A gml:id="OT_PTRK_A.93d22f22-1710-4597-bcfa-52766bd9aa53">
      <ot:lokalnyId>28BEDAB7-069D-F426-E053-CC2BA8C0B2DD</ot:lokalnyId>
      <ot:przestrzenNazw>PL.PZGiK.336.BDOT10k</ot:przestrzenNazw>
      <ot:wersja>2023-12-28T12:00:00</ot:wersja>
      <ot:poczatekWersjiObiektu>2023-12-28T12:00:00</ot:poczatekWersjiObiektu>
      <ot:oznaczenieZmiany>GI-TOPO.600.116.2023</ot:oznaczenieZmiany>
      <ot:zrodloDanychGeometrycznych>ortofotomapa</ot:zrodloDanychGeometrycznych>
      <ot:kodKarto10k>0010_713</ot:kodKarto10k>
      <ot:geometria>
        <gml:Polygon srsName="EPSG:2180" gml:id="geom.624affc5-bbe8-4d37-ad7b-408f9bf836d9" srsDimension="2">
          <gml:exterior>
            <gml:LinearRing>
              <gml:posList>499321.39 683543.33 499309.91 683546.94 499302.76 683553.89 499301.28 683555.57 499296.02 683559.15 499288.66 683564.62 499280.03 683574.51 499268.25 683581.45 499236.90 683578.71 499231.01 683576.82 499226.59 683577.24 499226.59 683579.77 499228.69 683584.82 499264.04 683606.70 499289.50 683614.90 499296.43 683614.67 499292.39 683611.67 499274.26 683602.75 499271.75 683596.33 499279.28 683589.64 499289.04 683582.11 499304.38 683571.23 499314.14 683565.09 499318.60 683554.49 499321.39 683543.33</gml:posList>
            </gml:LinearRing>
          </gml:exterior>
        </gml:Polygon>
      </ot:geometria>
      <ot:rodzaj>krzewy</ot:rodzaj>
    </ot:OT_PTRK_A>
  </gml:featureMember>
  <gml:featureMember>
    <ot:OT_PTRK_A gml:id="OT_PTRK_A.c630a76b-09bc-40e5-b37e-5cd7f444a3f2">
      <ot:lokalnyId>28BEDAB7-069F-F426-E053-CC2BA8C0B2DD</ot:lokalnyId>
      <ot:przestrzenNazw>PL.PZGiK.336.BDOT10k</ot:przestrzenNazw>
      <ot:wersja>2023-12-28T12:00:00</ot:wersja>
      <ot:poczatekWersjiObiektu>2023-12-28T12:00:00</ot:poczatekWersjiObiektu>
      <ot:oznaczenieZmiany>GI-TOPO.600.116.2023</ot:oznaczenieZmiany>
      <ot:zrodloDanychGeometrycznych>ortofotomapa</ot:zrodloDanychGeometrycznych>
      <ot:kodKarto10k>0010_713</ot:kodKarto10k>
      <ot:geometria>
        <gml:Polygon srsName="EPSG:2180" gml:id="geom.c70aaab5-c2b6-458b-b73e-591b01a4a25f" srsDimension="2">
          <gml:exterior>
            <gml:LinearRing>
              <gml:posList>492249.37 691423.55 492252.69 691430.18 492263.87 691434.74 492298.66 691440.55 492319.36 691441.79 492333.86 691438.06 492347.94 691428.11 492352.91 691411.12 492347.53 691388.32 492342.56 691378.78 492328.47 691375.47 492276.71 691368.01 492263.45 691366.76 492260.14 691370.50 492251.44 691408.21 492249.37 691423.55</gml:posList>
            </gml:LinearRing>
          </gml:exterior>
        </gml:Polygon>
      </ot:geometria>
      <ot:rodzaj>krzewy</ot:rodzaj>
    </ot:OT_PTRK_A>
  </gml:featureMember>
  <gml:featureMember>
    <ot:OT_PTRK_A gml:id="OT_PTRK_A.ae2edf80-c822-4cbd-af88-7c8e18d3c9ed">
      <ot:lokalnyId>28BEDAB7-06A5-F426-E053-CC2BA8C0B2DD</ot:lokalnyId>
      <ot:przestrzenNazw>PL.PZGiK.336.BDOT10k</ot:przestrzenNazw>
      <ot:wersja>2023-12-28T12:00:00</ot:wersja>
      <ot:poczatekWersjiObiektu>2023-12-28T12:00:00</ot:poczatekWersjiObiektu>
      <ot:oznaczenieZmiany>GI-TOPO.600.116.2023</ot:oznaczenieZmiany>
      <ot:zrodloDanychGeometrycznych>ortofotomapa</ot:zrodloDanychGeometrycznych>
      <ot:kodKarto10k>0010_713</ot:kodKarto10k>
      <ot:geometria>
        <gml:Polygon srsName="EPSG:2180" gml:id="geom.b16a4c83-6da7-4a3f-b780-bc167f8d6751" srsDimension="2">
          <gml:exterior>
            <gml:LinearRing>
              <gml:posList>500333.02 687985.69 500340.26 687982.89 500385.61 687964.89 500442.42 687940.19 500473.11 687926.36 500498.71 687914.29 500529.53 687899.11 500566.68 687880.14 500599.92 687862.25 500638.28 687841.08 500678.36 687817.71 500721.77 687791.07 500763.53 687764.15 500742.21 687732.16 500638.93 687801.52 500577.07 687841.09 500426.69 687916.05 500421.53 687918.62 500369.36 687943.98 500335.57 687958.23 500315.41 687965.36 500295.10 687971.42 500333.02 687985.69</gml:posList>
            </gml:LinearRing>
          </gml:exterior>
        </gml:Polygon>
      </ot:geometria>
      <ot:rodzaj>krzewy</ot:rodzaj>
    </ot:OT_PTRK_A>
  </gml:featureMember>
  <gml:featureMember>
    <ot:OT_PTRK_A gml:id="OT_PTRK_A.423e71fe-7d97-4a93-84f2-5396ba040778">
      <ot:lokalnyId>28BEDAB7-06A0-F426-E053-CC2BA8C0B2DD</ot:lokalnyId>
      <ot:przestrzenNazw>PL.PZGiK.336.BDOT10k</ot:przestrzenNazw>
      <ot:wersja>2023-12-28T12:00:00</ot:wersja>
      <ot:poczatekWersjiObiektu>2023-12-28T12:00:00</ot:poczatekWersjiObiektu>
      <ot:oznaczenieZmiany>GI-TOPO.600.116.2023</ot:oznaczenieZmiany>
      <ot:zrodloDanychGeometrycznych>ortofotomapa</ot:zrodloDanychGeometrycznych>
      <ot:kodKarto10k>0010_713</ot:kodKarto10k>
      <ot:geometria>
        <gml:Polygon srsName="EPSG:2180" gml:id="geom.5ae7c847-10da-470b-9f47-272677b966a4" srsDimension="2">
          <gml:exterior>
            <gml:LinearRing>
              <gml:posList>499219.25 700147.26 499221.53 700167.31 499234.28 700178.70 499242.48 700174.60 499242.02 700166.85 499244.30 700160.02 499255.69 700156.83 499264.34 700159.10 499269.35 700165.49 499267.08 700184.63 499262.57 700194.87 499298.63 700189.30 499309.90 700177.52 499323.61 700165.30 499332.50 700155.11 499340.65 700142.69 499351.76 700128.05 499360.56 700114.47 499335.52 700099.37 499292.85 700062.68 499256.23 700036.71 499229.43 700016.24 499223.80 700038.33 499222.44 700047.45 499232.00 700061.12 499231.55 700076.16 499222.89 700093.48 499232.46 700100.77 499242.93 700100.31 499248.86 700101.68 499251.59 700109.88 499250.68 700120.82 499244.76 700134.04 499230.18 700129.94 499219.70 700130.85 499219.25 700147.26</gml:posList>
            </gml:LinearRing>
          </gml:exterior>
        </gml:Polygon>
      </ot:geometria>
      <ot:rodzaj>krzewy</ot:rodzaj>
    </ot:OT_PTRK_A>
  </gml:featureMember>
  <gml:featureMember>
    <ot:OT_PTRK_A gml:id="OT_PTRK_A.6ac79e6f-08c9-48a5-a8b0-869e1a65c515">
      <ot:lokalnyId>28BEDAB7-06A1-F426-E053-CC2BA8C0B2DD</ot:lokalnyId>
      <ot:przestrzenNazw>PL.PZGiK.336.BDOT10k</ot:przestrzenNazw>
      <ot:wersja>2023-12-28T12:00:00</ot:wersja>
      <ot:poczatekWersjiObiektu>2023-12-28T12:00:00</ot:poczatekWersjiObiektu>
      <ot:oznaczenieZmiany>GI-TOPO.600.116.2023</ot:oznaczenieZmiany>
      <ot:zrodloDanychGeometrycznych>ortofotomapa</ot:zrodloDanychGeometrycznych>
      <ot:kodKarto10k>0010_713</ot:kodKarto10k>
      <ot:geometria>
        <gml:Polygon srsName="EPSG:2180" gml:id="geom.8d38300e-f609-4665-9fc4-39f436de5c04" srsDimension="2">
          <gml:exterior>
            <gml:LinearRing>
              <gml:posList>503419.96 683347.56 503377.58 683363.62 503428.98 683473.05 503471.63 683564.38 503476.30 683562.54 503490.92 683555.67 503494.52 683554.07 503494.03 683547.89 503483.16 683523.26 503469.85 683499.73 503453.90 683471.78 503443.02 683442.16 503429.54 683381.76 503426.06 683362.81 503428.89 683348.00 503419.96 683347.56</gml:posList>
            </gml:LinearRing>
          </gml:exterior>
        </gml:Polygon>
      </ot:geometria>
      <ot:rodzaj>krzewy</ot:rodzaj>
    </ot:OT_PTRK_A>
  </gml:featureMember>
  <gml:featureMember>
    <ot:OT_PTRK_A gml:id="OT_PTRK_A.90d40f8f-8d28-4f63-a659-4985e4b177c0">
      <ot:lokalnyId>28BEDAB7-06A6-F426-E053-CC2BA8C0B2DD</ot:lokalnyId>
      <ot:przestrzenNazw>PL.PZGiK.336.BDOT10k</ot:przestrzenNazw>
      <ot:wersja>2023-12-28T12:00:00</ot:wersja>
      <ot:poczatekWersjiObiektu>2023-12-28T12:00:00</ot:poczatekWersjiObiektu>
      <ot:oznaczenieZmiany>GI-TOPO.600.116.2023</ot:oznaczenieZmiany>
      <ot:zrodloDanychGeometrycznych>ortofotomapa</ot:zrodloDanychGeometrycznych>
      <ot:kodKarto10k>0010_713</ot:kodKarto10k>
      <ot:geometria>
        <gml:Polygon srsName="EPSG:2180" gml:id="geom.8b15d674-e818-4aef-bd58-11fc3a47b5dd" srsDimension="2">
          <gml:exterior>
            <gml:LinearRing>
              <gml:posList>502206.03 681454.42 502222.68 681471.89 502234.00 681501.46 502248.87 681526.11 502261.74 681539.84 502278.95 681543.10 502303.59 681545.89 502315.21 681544.03 502319.40 681536.12 502312.42 681525.88 502307.31 681513.78 502300.80 681500.28 502288.71 681469.57 502272.90 681439.32 502248.72 681428.15 502228.26 681427.68 502214.78 681436.99 502206.03 681454.42</gml:posList>
            </gml:LinearRing>
          </gml:exterior>
          <gml:interior>
            <gml:LinearRing>
              <gml:posList>502245.52 681482.28 502248.48 681473.79 502250.05 681471.12 502252.17 681467.51 502256.97 681463.44 502261.40 681462.70 502268.05 681467.14 502275.43 681476.37 502281.34 681487.09 502284.00 681495.62 502285.03 681498.91 502286.88 681509.99 502288.36 681520.34 502286.51 681526.25 502282.82 681529.57 502277.28 681531.05 502271.37 681531.05 502264.36 681529.57 502259.56 681525.14 502252.54 681513.32 502247.37 681501.49 502245.52 681491.15 502245.52 681482.28</gml:posList>
            </gml:LinearRing>
          </gml:interior>
        </gml:Polygon>
      </ot:geometria>
      <ot:rodzaj>krzewy</ot:rodzaj>
    </ot:OT_PTRK_A>
  </gml:featureMember>
  <gml:featureMember>
    <ot:OT_PTRK_A gml:id="OT_PTRK_A.cdcc61f9-2ce1-4def-b2ad-8d854225fef2">
      <ot:lokalnyId>28BEDAB7-06A9-F426-E053-CC2BA8C0B2DD</ot:lokalnyId>
      <ot:przestrzenNazw>PL.PZGiK.336.BDOT10k</ot:przestrzenNazw>
      <ot:wersja>2023-12-28T12:00:00</ot:wersja>
      <ot:poczatekWersjiObiektu>2023-12-28T12:00:00</ot:poczatekWersjiObiektu>
      <ot:oznaczenieZmiany>GI-TOPO.600.116.2023</ot:oznaczenieZmiany>
      <ot:zrodloDanychGeometrycznych>ortofotomapa</ot:zrodloDanychGeometrycznych>
      <ot:kodKarto10k>0010_713</ot:kodKarto10k>
      <ot:geometria>
        <gml:Polygon srsName="EPSG:2180" gml:id="geom.6618e65a-fa7f-4d68-9557-c19e39bc28d0" srsDimension="2">
          <gml:exterior>
            <gml:LinearRing>
              <gml:posList>513926.89 697145.80 513936.12 697152.52 513947.22 697151.65 513975.22 697074.75 513989.69 697035.94 514024.42 697008.71 514058.57 697015.66 514074.78 697034.20 514078.49 697045.99 514115.18 697057.74 514139.04 696976.02 514107.95 696969.09 514080.46 696960.36 514069.11 696956.04 514063.46 696951.67 514053.70 696947.05 514041.88 696942.17 514028.78 696937.29 514020.56 696936.01 514017.73 696938.32 514016.19 696942.43 514012.34 696947.31 514006.43 696949.87 513983.22 696980.18 513922.17 697065.10 513911.89 697081.32 513907.64 697093.24 513907.00 697101.91 513910.44 697139.53 513910.68 697139.52 513921.26 697141.50 513926.89 697145.80</gml:posList>
            </gml:LinearRing>
          </gml:exterior>
        </gml:Polygon>
      </ot:geometria>
      <ot:rodzaj>krzewy</ot:rodzaj>
    </ot:OT_PTRK_A>
  </gml:featureMember>
  <gml:featureMember>
    <ot:OT_PTRK_A gml:id="OT_PTRK_A.80de7f4a-1d96-4225-b8b5-9b2dd6e107b7">
      <ot:lokalnyId>28BEDAB7-06AC-F426-E053-CC2BA8C0B2DD</ot:lokalnyId>
      <ot:przestrzenNazw>PL.PZGiK.336.BDOT10k</ot:przestrzenNazw>
      <ot:wersja>2023-12-28T12:00:00</ot:wersja>
      <ot:poczatekWersjiObiektu>2023-12-28T12:00:00</ot:poczatekWersjiObiektu>
      <ot:oznaczenieZmiany>GI-TOPO.600.116.2023</ot:oznaczenieZmiany>
      <ot:zrodloDanychGeometrycznych>ortofotomapa</ot:zrodloDanychGeometrycznych>
      <ot:kodKarto10k>0010_713</ot:kodKarto10k>
      <ot:geometria>
        <gml:Polygon srsName="EPSG:2180" gml:id="geom.e558c825-e8b3-4366-90fc-979f4840bb35" srsDimension="2">
          <gml:exterior>
            <gml:LinearRing>
              <gml:posList>494937.28 678248.14 494949.57 678249.08 494960.45 678245.77 494967.07 678242.93 494976.05 678244.35 494985.51 678253.34 494996.13 678257.17 495005.10 678257.61 495011.09 678257.89 495019.55 678257.13 495030.43 678253.34 495058.80 678253.81 495078.66 678253.81 495091.90 678262.33 495106.56 678262.81 495111.29 678257.13 495107.03 678249.56 495117.90 678238.20 495133.98 678233.94 495148.17 678218.32 495147.69 678208.39 495145.37 678201.43 495134.45 678187.56 495123.11 678188.04 495112.70 678195.61 495084.81 678197.03 495068.26 678192.30 495049.81 678195.76 495029.01 678189.93 495005.27 678187.26 494973.21 678185.20 494932.08 678190.40 494916.00 678196.55 494926.79 678221.90 494923.92 678222.99 494914.94 678226.93 494920.71 678236.92 494937.28 678248.14</gml:posList>
            </gml:LinearRing>
          </gml:exterior>
        </gml:Polygon>
      </ot:geometria>
      <ot:rodzaj>krzewy</ot:rodzaj>
    </ot:OT_PTRK_A>
  </gml:featureMember>
  <gml:featureMember>
    <ot:OT_PTRK_A gml:id="OT_PTRK_A.3b2186df-0fa9-4d71-8836-b1d610c49516">
      <ot:lokalnyId>28BEDAB7-06AE-F426-E053-CC2BA8C0B2DD</ot:lokalnyId>
      <ot:przestrzenNazw>PL.PZGiK.336.BDOT10k</ot:przestrzenNazw>
      <ot:wersja>2023-12-28T12:00:00</ot:wersja>
      <ot:poczatekWersjiObiektu>2023-12-28T12:00:00</ot:poczatekWersjiObiektu>
      <ot:oznaczenieZmiany>GI-TOPO.600.116.2023</ot:oznaczenieZmiany>
      <ot:zrodloDanychGeometrycznych>ortofotomapa</ot:zrodloDanychGeometrycznych>
      <ot:kodKarto10k>0010_713</ot:kodKarto10k>
      <ot:geometria>
        <gml:Polygon srsName="EPSG:2180" gml:id="geom.e9565581-938b-4340-b29e-a47d06ac9827" srsDimension="2">
          <gml:exterior>
            <gml:LinearRing>
              <gml:posList>489022.32 694003.25 489049.74 694082.40 489133.12 694103.25 489132.47 694110.42 489109.02 694126.06 489095.34 694127.36 489067.33 694128.66 489066.68 694141.04 489073.19 694156.68 489090.78 694157.99 489106.41 694144.95 489144.19 694125.41 489159.18 694112.37 489178.07 694126.71 489183.28 694142.35 489182.63 694188.61 489168.95 694224.45 489172.20 694251.82 489159.83 694273.97 489145.50 694305.25 489148.10 694317.63 489161.13 694330.67 489178.07 694330.01 489191.09 694322.19 489206.08 694301.34 489230.18 694274.63 489251.83 694259.41 489251.66 694225.11 489254.02 694177.59 489256.05 694131.11 489254.96 694115.09 489255.14 694100.89 489252.59 694089.42 489244.04 694077.22 489234.03 694068.30 489225.29 694065.75 489209.64 694064.29 489192.17 694061.38 489174.14 694057.01 489128.61 694042.53 489084.36 694029.42 489069.80 694024.13 489064.16 694020.12 489059.79 694009.02 489022.32 694003.25</gml:posList>
            </gml:LinearRing>
          </gml:exterior>
        </gml:Polygon>
      </ot:geometria>
      <ot:rodzaj>krzewy</ot:rodzaj>
    </ot:OT_PTRK_A>
  </gml:featureMember>
  <gml:featureMember>
    <ot:OT_PTRK_A gml:id="OT_PTRK_A.48133242-e175-443c-a42a-a6b60065052f">
      <ot:lokalnyId>28BEDAB7-06AF-F426-E053-CC2BA8C0B2DD</ot:lokalnyId>
      <ot:przestrzenNazw>PL.PZGiK.336.BDOT10k</ot:przestrzenNazw>
      <ot:wersja>2023-12-28T12:00:00</ot:wersja>
      <ot:poczatekWersjiObiektu>2023-12-28T12:00:00</ot:poczatekWersjiObiektu>
      <ot:oznaczenieZmiany>GI-TOPO.600.116.2023</ot:oznaczenieZmiany>
      <ot:zrodloDanychGeometrycznych>ortofotomapa</ot:zrodloDanychGeometrycznych>
      <ot:kodKarto10k>0010_713</ot:kodKarto10k>
      <ot:geometria>
        <gml:Polygon srsName="EPSG:2180" gml:id="geom.67d28b6c-1c7b-4877-a949-e305dffbbbdb" srsDimension="2">
          <gml:exterior>
            <gml:LinearRing>
              <gml:posList>492931.39 675875.63 492953.83 675914.48 492984.76 675961.23 493009.63 676011.00 493023.53 676044.77 493047.18 676083.59 493054.47 676066.63 493056.89 676050.24 493053.86 676028.38 493044.76 676001.07 493033.84 675972.54 493012.01 675933.08 492989.57 675899.69 492960.45 675880.87 492931.39 675875.63</gml:posList>
            </gml:LinearRing>
          </gml:exterior>
        </gml:Polygon>
      </ot:geometria>
      <ot:rodzaj>krzewy</ot:rodzaj>
    </ot:OT_PTRK_A>
  </gml:featureMember>
  <gml:featureMember>
    <ot:OT_PTRK_A gml:id="OT_PTRK_A.30b94a4b-b5d8-4155-9385-f50074b57a9b">
      <ot:lokalnyId>28BEDAB7-06AA-F426-E053-CC2BA8C0B2DD</ot:lokalnyId>
      <ot:przestrzenNazw>PL.PZGiK.336.BDOT10k</ot:przestrzenNazw>
      <ot:wersja>2023-12-28T12:00:00</ot:wersja>
      <ot:poczatekWersjiObiektu>2023-12-28T12:00:00</ot:poczatekWersjiObiektu>
      <ot:oznaczenieZmiany>GI-TOPO.600.116.2023</ot:oznaczenieZmiany>
      <ot:zrodloDanychGeometrycznych>ortofotomapa</ot:zrodloDanychGeometrycznych>
      <ot:kodKarto10k>0010_713</ot:kodKarto10k>
      <ot:geometria>
        <gml:Polygon srsName="EPSG:2180" gml:id="geom.7d800080-28d5-440f-ad8f-7adb2c3a601d" srsDimension="2">
          <gml:exterior>
            <gml:LinearRing>
              <gml:posList>509077.46 690081.10 509065.39 690060.03 509054.70 690042.73 509043.92 690042.06 509008.98 689993.11 508990.51 689992.11 508962.05 689984.62 508963.55 689972.64 508979.02 689960.15 508965.55 689938.18 508940.59 689927.19 508916.62 689926.19 508936.59 689979.13 508950.57 690026.07 508939.98 690045.35 508943.72 690058.67 508944.21 690065.66 508946.79 690085.39 508945.49 690095.79 508942.40 690104.40 508938.83 690112.85 508938.99 690121.29 508943.38 690130.88 508950.85 690139.65 508960.90 690152.10 508970.49 690164.12 508974.75 690169.23 508980.02 690164.41 508991.50 690152.93 508993.00 690126.46 509000.99 690110.48 509023.45 690149.93 509026.45 690188.38 509016.47 690200.87 509011.74 690214.19 509025.19 690233.91 509038.03 690251.13 509046.26 690259.36 509057.58 690270.36 509064.39 690247.82 509053.41 690179.40 509032.44 690103.48 509077.46 690081.10</gml:posList>
            </gml:LinearRing>
          </gml:exterior>
        </gml:Polygon>
      </ot:geometria>
      <ot:rodzaj>krzewy</ot:rodzaj>
    </ot:OT_PTRK_A>
  </gml:featureMember>
  <gml:featureMember>
    <ot:OT_PTRK_A gml:id="OT_PTRK_A.24b26ee3-e357-4b5b-852d-f3d5e26da406">
      <ot:lokalnyId>28BEDAB7-06AB-F426-E053-CC2BA8C0B2DD</ot:lokalnyId>
      <ot:przestrzenNazw>PL.PZGiK.336.BDOT10k</ot:przestrzenNazw>
      <ot:wersja>2023-12-28T12:00:00</ot:wersja>
      <ot:poczatekWersjiObiektu>2023-12-28T12:00:00</ot:poczatekWersjiObiektu>
      <ot:oznaczenieZmiany>GI-TOPO.600.116.2023</ot:oznaczenieZmiany>
      <ot:zrodloDanychGeometrycznych>ortofotomapa</ot:zrodloDanychGeometrycznych>
      <ot:kodKarto10k>0010_713</ot:kodKarto10k>
      <ot:geometria>
        <gml:Polygon srsName="EPSG:2180" gml:id="geom.5255dea5-c2aa-4956-bfb2-079cc12ddad6" srsDimension="2">
          <gml:exterior>
            <gml:LinearRing>
              <gml:posList>504968.53 685987.54 504973.21 686035.13 504975.51 686056.14 504979.06 686087.56 504989.19 686087.57 504992.65 686098.08 504995.35 686106.86 505030.31 686095.73 505031.51 686095.20 505120.12 686059.79 505134.62 686053.99 505122.73 685980.90 505094.14 685984.59 505096.80 686005.50 505050.04 686014.24 505043.95 685974.70 504968.53 685987.54</gml:posList>
            </gml:LinearRing>
          </gml:exterior>
        </gml:Polygon>
      </ot:geometria>
      <ot:rodzaj>krzewy</ot:rodzaj>
    </ot:OT_PTRK_A>
  </gml:featureMember>
  <gml:featureMember>
    <ot:OT_PTRK_A gml:id="OT_PTRK_A.2b8098d6-4059-42c7-90ee-987b3a8e0eac">
      <ot:lokalnyId>28BEDAB7-06B8-F426-E053-CC2BA8C0B2DD</ot:lokalnyId>
      <ot:przestrzenNazw>PL.PZGiK.336.BDOT10k</ot:przestrzenNazw>
      <ot:wersja>2023-12-28T12:00:00</ot:wersja>
      <ot:poczatekWersjiObiektu>2023-12-28T12:00:00</ot:poczatekWersjiObiektu>
      <ot:oznaczenieZmiany>GI-TOPO.600.116.2023</ot:oznaczenieZmiany>
      <ot:zrodloDanychGeometrycznych>ortofotomapa</ot:zrodloDanychGeometrycznych>
      <ot:kodKarto10k>0010_713</ot:kodKarto10k>
      <ot:geometria>
        <gml:Polygon srsName="EPSG:2180" gml:id="geom.9174ac66-6f77-41e0-ab2f-557ed676e623" srsDimension="2">
          <gml:exterior>
            <gml:LinearRing>
              <gml:posList>499823.22 687065.31 499839.14 687055.32 499835.73 687043.35 499824.34 687028.44 499814.85 687021.38 499804.20 687021.98 499798.68 687023.41 499794.23 687030.88 499789.61 687035.10 499790.44 687041.73 499813.49 687063.42 499823.22 687065.31</gml:posList>
            </gml:LinearRing>
          </gml:exterior>
        </gml:Polygon>
      </ot:geometria>
      <ot:rodzaj>krzewy</ot:rodzaj>
    </ot:OT_PTRK_A>
  </gml:featureMember>
  <gml:featureMember>
    <ot:OT_PTRK_A gml:id="OT_PTRK_A.4afe9ed7-52a7-40da-9cd2-0d0f5cea6426">
      <ot:lokalnyId>28BEDAB7-06B9-F426-E053-CC2BA8C0B2DD</ot:lokalnyId>
      <ot:przestrzenNazw>PL.PZGiK.336.BDOT10k</ot:przestrzenNazw>
      <ot:wersja>2023-12-28T12:00:00</ot:wersja>
      <ot:poczatekWersjiObiektu>2023-12-28T12:00:00</ot:poczatekWersjiObiektu>
      <ot:oznaczenieZmiany>GI-TOPO.600.116.2023</ot:oznaczenieZmiany>
      <ot:zrodloDanychGeometrycznych>ortofotomapa</ot:zrodloDanychGeometrycznych>
      <ot:kodKarto10k>0010_713</ot:kodKarto10k>
      <ot:geometria>
        <gml:Polygon srsName="EPSG:2180" gml:id="geom.d4adce54-0328-4979-89f4-c93cb5752bb5" srsDimension="2">
          <gml:exterior>
            <gml:LinearRing>
              <gml:posList>499844.98 695429.38 499856.94 695434.96 499864.65 695440.81 499879.98 695448.17 499897.26 695457.47 499911.62 695471.29 499928.13 695484.29 499957.50 695503.15 499970.81 695509.31 500000.00 695521.59 500006.30 695525.67 500009.64 695527.51 500013.09 695528.55 500018.55 695530.08 500030.18 695528.44 500032.58 695522.43 500032.18 695518.02 500027.37 695512.41 500013.36 695507.60 500000.00 695501.35 499986.97 695492.58 499978.03 695491.49 499973.89 695494.76 499968.88 695494.54 499963.21 695491.49 499956.90 695486.04 499946.87 695477.97 499943.17 695471.64 499941.42 695466.41 499906.12 695449.83 499873.21 695432.82 499844.98 695429.38</gml:posList>
            </gml:LinearRing>
          </gml:exterior>
        </gml:Polygon>
      </ot:geometria>
      <ot:rodzaj>krzewy</ot:rodzaj>
    </ot:OT_PTRK_A>
  </gml:featureMember>
</gml:FeatureCollection>