﻿<?xml version="1.0" encoding="utf-8"?>
<gml:FeatureCollection xmlns:gml="http://www.opengis.net/gml/3.2" xmlns:xlink="http://www.w3.org/1999/xlink" xmlns:ot="urn:gugik:specyfikacje:gmlas:bazaDanychObiektowTopograficznych10k:2.0" xmlns:gmd="http://www.isotc211.org/2005/gmd" xmlns:bt="urn:gugik:specyfikacje:gmlas:modelPodstawowy:1.0" xmlns:xsi="http://www.w3.org/2001/XMLSchema-instance" gml:id="WODGiK_OT_BUIB_L" xsi:schemaLocation="urn:gugik:specyfikacje:gmlas:bazaDanychObiektowTopograficznych10k:2.0 ./XSD/BDOT10k_BDOO.XSD">
  <gml:featureMember>
    <ot:OT_BUIB_L gml:id="OT_BUIB_L.bd62e0b5-68c6-4af2-90f5-fb6ff9d2863a">
      <ot:lokalnyId>28BEDAB6-88CE-F426-E053-CC2BA8C0B2DD</ot:lokalnyId>
      <ot:przestrzenNazw>PL.PZGiK.336.BDOT10k</ot:przestrzenNazw>
      <ot:wersja>2023-12-28T12:00:00</ot:wersja>
      <ot:poczatekWersjiObiektu>2023-12-28T12:00:00</ot:poczatekWersjiObiektu>
      <ot:oznaczenieZmiany>GI-TOPO.600.116.2023</ot:oznaczenieZmiany>
      <ot:zrodloDanychGeometrycznych>ortofotomapa</ot:zrodloDanychGeometrycznych>
      <ot:kategoriaIstnienia>eksploatowany</ot:kategoriaIstnienia>
      <ot:kodKarto10k>0010_226</ot:kodKarto10k>
      <ot:rodzaj>peron kolejowy</ot:rodzaj>
      <ot:geometria>
        <gml:Curve srsName="EPSG:2180" gml:id="geom.dd14967b-bda7-4d0c-b564-e04ff940a509" srsDimension="2">
          <gml:segments>
            <gml:LineStringSegment>
              <gml:posList>495404.86 689752.78 495353.50 689770.75 495308.11 689787.28 495077.66 689869.74</gml:posList>
            </gml:LineStringSegment>
          </gml:segments>
        </gml:Curve>
      </ot:geometria>
    </ot:OT_BUIB_L>
  </gml:featureMember>
  <gml:featureMember>
    <ot:OT_BUIB_L gml:id="OT_BUIB_L.3109e4bc-8ac4-4fdb-a220-7fd03e11f4cc">
      <ot:lokalnyId>3425785e-ce5e-11ea-ba0c-480fcf3c9bd7</ot:lokalnyId>
      <ot:przestrzenNazw>PL.PZGiK.336.BDOT10k</ot:przestrzenNazw>
      <ot:wersja>2023-12-28T12:00:00</ot:wersja>
      <ot:poczatekWersjiObiektu>2023-12-28T12:00:00</ot:poczatekWersjiObiektu>
      <ot:oznaczenieZmiany>GI-TOPO.600.116.2023</ot:oznaczenieZmiany>
      <ot:zrodloDanychGeometrycznych>ortofotomapa</ot:zrodloDanychGeometrycznych>
      <ot:kategoriaIstnienia>eksploatowany</ot:kategoriaIstnienia>
      <ot:kodKarto10k>0010_226</ot:kodKarto10k>
      <ot:rodzaj>peron kolejowy</ot:rodzaj>
      <ot:geometria>
        <gml:Curve srsName="EPSG:2180" gml:id="geom.f59f823a-2024-4210-b391-3ea4fef9ead5" srsDimension="2">
          <gml:segments>
            <gml:LineStringSegment>
              <gml:posList>507573.79 685855.24 507599.24 685861.87 507651.47 685873.93 507701.88 685885.68 507765.55 685900.49</gml:posList>
            </gml:LineStringSegment>
          </gml:segments>
        </gml:Curve>
      </ot:geometria>
    </ot:OT_BUIB_L>
  </gml:featureMember>
  <gml:featureMember>
    <ot:OT_BUIB_L gml:id="OT_BUIB_L.3867d29c-acc9-40df-8a21-8e21baa35361">
      <ot:lokalnyId>34263bb0-ce5e-11ea-ab72-480fcf3c9bd7</ot:lokalnyId>
      <ot:przestrzenNazw>PL.PZGiK.336.BDOT10k</ot:przestrzenNazw>
      <ot:wersja>2023-12-28T12:00:00</ot:wersja>
      <ot:poczatekWersjiObiektu>2023-12-28T12:00:00</ot:poczatekWersjiObiektu>
      <ot:oznaczenieZmiany>GI-TOPO.600.116.2023</ot:oznaczenieZmiany>
      <ot:zrodloDanychGeometrycznych>ortofotomapa</ot:zrodloDanychGeometrycznych>
      <ot:kategoriaIstnienia>eksploatowany</ot:kategoriaIstnienia>
      <ot:kodKarto10k>0010_226</ot:kodKarto10k>
      <ot:rodzaj>peron kolejowy</ot:rodzaj>
      <ot:geometria>
        <gml:Curve srsName="EPSG:2180" gml:id="geom.e266cacf-d181-40a4-ad7e-c168976ff414" srsDimension="2">
          <gml:segments>
            <gml:LineStringSegment>
              <gml:posList>507767.38 685891.21 507576.02 685846.00</gml:posList>
            </gml:LineStringSegment>
          </gml:segments>
        </gml:Curve>
      </ot:geometria>
    </ot:OT_BUIB_L>
  </gml:featureMember>
</gml:FeatureCollection>