﻿<?xml version="1.0" encoding="utf-8"?>
<gml:FeatureCollection xmlns:gml="http://www.opengis.net/gml/3.2" xmlns:xlink="http://www.w3.org/1999/xlink" xmlns:ot="urn:gugik:specyfikacje:gmlas:bazaDanychObiektowTopograficznych10k:2.0" xmlns:gmd="http://www.isotc211.org/2005/gmd" xmlns:bt="urn:gugik:specyfikacje:gmlas:modelPodstawowy:1.0" xmlns:xsi="http://www.w3.org/2001/XMLSchema-instance" gml:id="WODGiK_OT_KUHO_A" xsi:schemaLocation="urn:gugik:specyfikacje:gmlas:bazaDanychObiektowTopograficznych10k:2.0 ./XSD/BDOT10k_BDOO.XSD">
  <gml:featureMember>
    <ot:OT_KUHO_A gml:id="OT_KUHO_A.3cc97544-5e7b-4f47-9feb-75cc341c8b0e">
      <ot:lokalnyId>28BEDAB6-9574-F426-E053-CC2BA8C0B2DD</ot:lokalnyId>
      <ot:przestrzenNazw>PL.PZGiK.336.BDOT10k</ot:przestrzenNazw>
      <ot:wersja>2023-12-28T12:00:00</ot:wersja>
      <ot:poczatekWersjiObiektu>2023-12-28T12:00:00</ot:poczatekWersjiObiektu>
      <ot:oznaczenieZmiany>GI-TOPO.600.116.2023</ot:oznaczenieZmiany>
      <ot:zrodloDanychGeometrycznych>ortofotomapa</ot:zrodloDanychGeometrycznych>
      <ot:rodzaj>hotel lub motel</ot:rodzaj>
      <ot:nazwa>Hotel Dedal</ot:nazwa>
      <ot:geometria>
        <gml:Polygon srsName="EPSG:2180" gml:id="geom.8132174c-f913-4f70-a602-a4ef042a33fc" srsDimension="2">
          <gml:exterior>
            <gml:LinearRing>
              <gml:posList>502806.97 684779.73 502818.53 684788.59 502886.38 684839.24 502888.80 684841.00 502906.82 684816.80 502907.55 684811.19 502903.65 684805.10 502911.79 684793.12 502914.53 684786.94 502927.43 684781.18 502938.55 684806.36 503001.97 684725.86 502899.18 684646.37 502875.12 684690.78 502806.97 684779.73</gml:posList>
            </gml:LinearRing>
          </gml:exterior>
        </gml:Polygon>
      </ot:geometria>
    </ot:OT_KUHO_A>
  </gml:featureMember>
</gml:FeatureCollection>