﻿<?xml version="1.0" encoding="utf-8"?>
<gml:FeatureCollection xmlns:gml="http://www.opengis.net/gml/3.2" xmlns:xlink="http://www.w3.org/1999/xlink" xmlns:ot="urn:gugik:specyfikacje:gmlas:bazaDanychObiektowTopograficznych10k:2.0" xmlns:gmd="http://www.isotc211.org/2005/gmd" xmlns:bt="urn:gugik:specyfikacje:gmlas:modelPodstawowy:1.0" xmlns:xsi="http://www.w3.org/2001/XMLSchema-instance" gml:id="WODGiK_OT_KUOZ_A" xsi:schemaLocation="urn:gugik:specyfikacje:gmlas:bazaDanychObiektowTopograficznych10k:2.0 ./XSD/BDOT10k_BDOO.XSD">
  <gml:featureMember>
    <ot:OT_KUOZ_A gml:id="OT_KUOZ_A.1c205e3b-f2ad-46ac-b890-a9765d2e6099">
      <ot:lokalnyId>28BEDAB6-AF51-F426-E053-CC2BA8C0B2DD</ot:lokalnyId>
      <ot:przestrzenNazw>PL.PZGiK.336.BDOT10k</ot:przestrzenNazw>
      <ot:wersja>2023-12-28T12:00:00</ot:wersja>
      <ot:poczatekWersjiObiektu>2023-12-28T12:00:00</ot:poczatekWersjiObiektu>
      <ot:oznaczenieZmiany>GI-TOPO.600.116.2023</ot:oznaczenieZmiany>
      <ot:zrodloDanychGeometrycznych>ortofotomapa</ot:zrodloDanychGeometrycznych>
      <ot:informacjaDodatkowa>Powiatowe Centrum Zdrowia Sp. z o.o.</ot:informacjaDodatkowa>
      <ot:rodzaj>zespół szpitalny lub sanatoryjny</ot:rodzaj>
      <ot:nazwa>Szpital im. dr Jadwigi Obodzińskiej-Król w Malborku</ot:nazwa>
      <ot:geometria>
        <gml:Polygon srsName="EPSG:2180" gml:id="geom.82424be7-5eb7-4ad7-9aa7-2862a81cbfe3" srsDimension="2">
          <gml:exterior>
            <gml:LinearRing>
              <gml:posList>501413.00 685167.68 501416.48 685175.15 501461.12 685265.91 501475.28 685294.82 501484.60 685313.86 501503.93 685306.92 501544.20 685294.64 501537.86 685263.06 501530.59 685234.95 501515.09 685174.93 501510.78 685157.77 501507.08 685143.01 501451.83 685152.61 501438.03 685156.60 501428.88 685160.17 501427.02 685161.08 501418.21 685165.45 501413.00 685167.68</gml:posList>
            </gml:LinearRing>
          </gml:exterior>
        </gml:Polygon>
      </ot:geometria>
    </ot:OT_KUOZ_A>
  </gml:featureMember>
  <gml:featureMember>
    <ot:OT_KUOZ_A gml:id="OT_KUOZ_A.0d4aacdf-4a4e-44d7-9a74-b592ff10913e">
      <ot:lokalnyId>28BEDAB6-AF4E-F426-E053-CC2BA8C0B2DD</ot:lokalnyId>
      <ot:przestrzenNazw>PL.PZGiK.336.BDOT10k</ot:przestrzenNazw>
      <ot:wersja>2023-12-28T12:00:00</ot:wersja>
      <ot:poczatekWersjiObiektu>2023-12-28T12:00:00</ot:poczatekWersjiObiektu>
      <ot:oznaczenieZmiany>GI-TOPO.600.116.2023</ot:oznaczenieZmiany>
      <ot:zrodloDanychGeometrycznych>ortofotomapa</ot:zrodloDanychGeometrycznych>
      <ot:informacjaDodatkowa>Centrum usług socjalnych i wsparcia</ot:informacjaDodatkowa>
      <ot:rodzaj>zakład opieki socjalnej lub dom dziecka</ot:rodzaj>
      <ot:nazwa>Stowarzyszenie Agape</ot:nazwa>
      <ot:geometria>
        <gml:Polygon srsName="EPSG:2180" gml:id="geom.d39dd732-df6e-4410-b80b-f0772afe4c20" srsDimension="2">
          <gml:exterior>
            <gml:LinearRing>
              <gml:posList>499410.10 696155.02 499433.42 696217.30 499440.53 696236.29 499445.41 696249.31 499463.40 696297.36 499471.51 696306.53 499484.19 696314.77 499516.51 696316.99 499602.07 696316.67 499603.44 696290.95 499740.13 696304.29 499698.72 696219.76 499573.04 696186.29 499523.52 696173.65 499410.58 696141.68 499410.10 696155.02</gml:posList>
            </gml:LinearRing>
          </gml:exterior>
        </gml:Polygon>
      </ot:geometria>
    </ot:OT_KUOZ_A>
  </gml:featureMember>
  <gml:featureMember>
    <ot:OT_KUOZ_A gml:id="OT_KUOZ_A.8a40f9e9-f8b5-42ef-90fd-21d2fd9f6eea">
      <ot:lokalnyId>28BEDAB6-AF50-F426-E053-CC2BA8C0B2DD</ot:lokalnyId>
      <ot:przestrzenNazw>PL.PZGiK.336.BDOT10k</ot:przestrzenNazw>
      <ot:wersja>2023-12-28T12:00:00</ot:wersja>
      <ot:poczatekWersjiObiektu>2023-12-28T12:00:00</ot:poczatekWersjiObiektu>
      <ot:oznaczenieZmiany>GI-TOPO.600.116.2023</ot:oznaczenieZmiany>
      <ot:zrodloDanychGeometrycznych>ortofotomapa</ot:zrodloDanychGeometrycznych>
      <ot:rodzaj>zakład opieki socjalnej lub dom dziecka</ot:rodzaj>
      <ot:nazwa>Stowarzyszenie Św.Faustyny Fides</ot:nazwa>
      <ot:geometria>
        <gml:Polygon srsName="EPSG:2180" gml:id="geom.bed75272-d21a-4aa8-8ccc-3690336f8140" srsDimension="2">
          <gml:exterior>
            <gml:LinearRing>
              <gml:posList>502616.25 683316.78 502606.17 683401.46 502603.74 683482.14 502663.57 683463.97 502661.46 683459.08 502652.83 683440.09 502696.12 683420.94 502705.05 683416.63 502721.12 683409.55 502737.68 683402.26 502752.89 683395.56 502759.86 683392.49 502768.09 683388.87 502783.32 683382.16 502797.38 683375.97 502774.04 683321.93 502738.19 683339.28 502715.14 683349.94 502681.20 683365.02 502649.99 683301.45 502616.25 683316.78</gml:posList>
            </gml:LinearRing>
          </gml:exterior>
        </gml:Polygon>
      </ot:geometria>
    </ot:OT_KUOZ_A>
  </gml:featureMember>
</gml:FeatureCollection>