﻿<?xml version="1.0" encoding="utf-8"?>
<gml:FeatureCollection xmlns:gml="http://www.opengis.net/gml/3.2" xmlns:xlink="http://www.w3.org/1999/xlink" xmlns:ot="urn:gugik:specyfikacje:gmlas:bazaDanychObiektowTopograficznych10k:2.0" xmlns:gmd="http://www.isotc211.org/2005/gmd" xmlns:bt="urn:gugik:specyfikacje:gmlas:modelPodstawowy:1.0" xmlns:xsi="http://www.w3.org/2001/XMLSchema-instance" gml:id="WODGiK_OT_PTSO_A" xsi:schemaLocation="urn:gugik:specyfikacje:gmlas:bazaDanychObiektowTopograficznych10k:2.0 ./XSD/BDOT10k_BDOO.XSD">
  <gml:featureMember>
    <ot:OT_PTSO_A gml:id="OT_PTSO_A.0c23ef27-c1ef-4a88-bc64-807c5f2bd74c">
      <ot:lokalnyId>28BEDAB7-06C4-F426-E053-CC2BA8C0B2DD</ot:lokalnyId>
      <ot:przestrzenNazw>PL.PZGiK.336.BDOT10k</ot:przestrzenNazw>
      <ot:wersja>2023-12-28T12:00:00</ot:wersja>
      <ot:poczatekWersjiObiektu>2023-12-28T12:00:00</ot:poczatekWersjiObiektu>
      <ot:oznaczenieZmiany>GI-TOPO.600.116.2023</ot:oznaczenieZmiany>
      <ot:zrodloDanychGeometrycznych>ortofotomapa</ot:zrodloDanychGeometrycznych>
      <ot:kodKarto10k>0010_430</ot:kodKarto10k>
      <ot:geometria>
        <gml:Polygon srsName="EPSG:2180" gml:id="geom.d070df26-2b31-4183-967b-9c9bda985cb1" srsDimension="2">
          <gml:exterior>
            <gml:LinearRing>
              <gml:posList>506319.46 696303.00 506365.76 696343.58 506477.20 696372.85 506570.37 696358.46 506609.96 696255.59 506606.79 696249.84 506479.11 696196.31 506456.10 696198.61 506340.39 696253.81 506319.57 696256.57 506321.75 696268.59 506319.46 696303.00</gml:posList>
            </gml:LinearRing>
          </gml:exterior>
        </gml:Polygon>
      </ot:geometria>
      <ot:rodzaj>odpady komunalne</ot:rodzaj>
    </ot:OT_PTSO_A>
  </gml:featureMember>
  <gml:featureMember>
    <ot:OT_PTSO_A gml:id="OT_PTSO_A.44825c84-4b06-4fe0-8521-f160a7413c4e">
      <ot:lokalnyId>28BEDAB7-06C5-F426-E053-CC2BA8C0B2DD</ot:lokalnyId>
      <ot:przestrzenNazw>PL.PZGiK.336.BDOT10k</ot:przestrzenNazw>
      <ot:wersja>2023-12-28T12:00:00</ot:wersja>
      <ot:poczatekWersjiObiektu>2023-12-28T12:00:00</ot:poczatekWersjiObiektu>
      <ot:oznaczenieZmiany>GI-TOPO.600.116.2023</ot:oznaczenieZmiany>
      <ot:zrodloDanychGeometrycznych>ortofotomapa</ot:zrodloDanychGeometrycznych>
      <ot:kodKarto10k>0010_430</ot:kodKarto10k>
      <ot:geometria>
        <gml:Polygon srsName="EPSG:2180" gml:id="geom.b1225b43-818d-400b-9735-bbe1c2879e45" srsDimension="2">
          <gml:exterior>
            <gml:LinearRing>
              <gml:posList>516682.25 684805.86 516679.07 684816.85 516675.95 684827.60 516664.88 684865.81 516691.46 684876.76 516681.03 684906.48 516771.69 684944.55 516803.74 684861.77 516794.69 684858.17 516800.87 684806.37 516775.34 684795.42 516756.06 684774.56 516715.40 684760.52 516706.63 684760.31 516699.18 684767.36 516682.25 684805.86</gml:posList>
            </gml:LinearRing>
          </gml:exterior>
        </gml:Polygon>
      </ot:geometria>
      <ot:rodzaj>odpady komunalne</ot:rodzaj>
    </ot:OT_PTSO_A>
  </gml:featureMember>
  <gml:featureMember>
    <ot:OT_PTSO_A gml:id="OT_PTSO_A.e00c62a2-ba57-423e-8dd3-4c8d8a3feb88">
      <ot:lokalnyId>28BEDAB7-06C6-F426-E053-CC2BA8C0B2DD</ot:lokalnyId>
      <ot:przestrzenNazw>PL.PZGiK.336.BDOT10k</ot:przestrzenNazw>
      <ot:wersja>2023-12-28T12:00:00</ot:wersja>
      <ot:poczatekWersjiObiektu>2023-12-28T12:00:00</ot:poczatekWersjiObiektu>
      <ot:oznaczenieZmiany>GI-TOPO.600.116.2023</ot:oznaczenieZmiany>
      <ot:zrodloDanychGeometrycznych>ortofotomapa</ot:zrodloDanychGeometrycznych>
      <ot:kodKarto10k>0010_430</ot:kodKarto10k>
      <ot:geometria>
        <gml:Polygon srsName="EPSG:2180" gml:id="geom.dfc30764-fe44-485c-9735-536876cb9da6" srsDimension="2">
          <gml:exterior>
            <gml:LinearRing>
              <gml:posList>488964.31 693691.17 488965.33 693704.55 488968.82 693725.77 488976.52 693756.74 488984.08 693768.95 489020.43 693772.73 489070.73 693723.59 489068.99 693714.00 489016.36 693663.69 488997.46 693673.87 488986.56 693685.07 488977.98 693685.36 488969.11 693687.97 488964.31 693691.17</gml:posList>
            </gml:LinearRing>
          </gml:exterior>
        </gml:Polygon>
      </ot:geometria>
      <ot:rodzaj>odpady komunalne</ot:rodzaj>
    </ot:OT_PTSO_A>
  </gml:featureMember>
</gml:FeatureCollection>