﻿<?xml version="1.0" encoding="utf-8"?>
<gml:FeatureCollection xmlns:gml="http://www.opengis.net/gml/3.2" xmlns:xlink="http://www.w3.org/1999/xlink" xmlns:ot="urn:gugik:specyfikacje:gmlas:bazaDanychObiektowTopograficznych10k:2.0" xmlns:gmd="http://www.isotc211.org/2005/gmd" xmlns:bt="urn:gugik:specyfikacje:gmlas:modelPodstawowy:1.0" xmlns:xsi="http://www.w3.org/2001/XMLSchema-instance" gml:id="WODGiK_OT_BUHD_L" xsi:schemaLocation="urn:gugik:specyfikacje:gmlas:bazaDanychObiektowTopograficznych10k:2.0 ./XSD/BDOT10k_BDOO.XSD">
  <gml:featureMember>
    <ot:OT_BUHD_L gml:id="OT_BUHD_L.af17d070-c112-422f-8cde-d2b30dc7f7b9">
      <ot:lokalnyId>28BEDAB6-82B3-F426-E053-CC2BA8C0B2DD</ot:lokalnyId>
      <ot:przestrzenNazw>PL.PZGiK.336.BDOT10k</ot:przestrzenNazw>
      <ot:wersja>2023-12-28T12:00:00</ot:wersja>
      <ot:poczatekWersjiObiektu>2023-12-28T12:00:00</ot:poczatekWersjiObiektu>
      <ot:oznaczenieZmiany>GI-TOPO.600.116.2023</ot:oznaczenieZmiany>
      <ot:zrodloDanychGeometrycznych>ortofotomapa</ot:zrodloDanychGeometrycznych>
      <ot:kategoriaIstnienia>eksploatowany</ot:kategoriaIstnienia>
      <ot:kodKarto10k>0010_620</ot:kodKarto10k>
      <ot:rodzaj>jaz</ot:rodzaj>
      <ot:geometria>
        <gml:Curve srsName="EPSG:2180" gml:id="geom.5aa8468b-8ef0-4c41-8229-d957eec9ffc6" srsDimension="2">
          <gml:segments>
            <gml:LineStringSegment>
              <gml:posList>499308.79 682384.87 499304.42 682389.78 499300.59 682393.63</gml:posList>
            </gml:LineStringSegment>
          </gml:segments>
        </gml:Curve>
      </ot:geometria>
    </ot:OT_BUHD_L>
  </gml:featureMember>
  <gml:featureMember>
    <ot:OT_BUHD_L gml:id="OT_BUHD_L.29f4ca70-76ef-49a2-89d3-7746f0fe41ce">
      <ot:lokalnyId>28BEDAB6-82B4-F426-E053-CC2BA8C0B2DD</ot:lokalnyId>
      <ot:przestrzenNazw>PL.PZGiK.336.BDOT10k</ot:przestrzenNazw>
      <ot:wersja>2023-12-28T12:00:00</ot:wersja>
      <ot:poczatekWersjiObiektu>2023-12-28T12:00:00</ot:poczatekWersjiObiektu>
      <ot:oznaczenieZmiany>GI-TOPO.600.116.2023</ot:oznaczenieZmiany>
      <ot:zrodloDanychGeometrycznych>ortofotomapa</ot:zrodloDanychGeometrycznych>
      <ot:kategoriaIstnienia>eksploatowany</ot:kategoriaIstnienia>
      <ot:kodKarto10k>0010_620</ot:kodKarto10k>
      <ot:rodzaj>jaz</ot:rodzaj>
      <ot:geometria>
        <gml:Curve srsName="EPSG:2180" gml:id="geom.8567b88f-3338-4e98-96e6-948f1dd9e500" srsDimension="2">
          <gml:segments>
            <gml:LineStringSegment>
              <gml:posList>505365.90 686180.17 505364.96 686177.54 505363.71 686174.03 505361.62 686168.17</gml:posList>
            </gml:LineStringSegment>
          </gml:segments>
        </gml:Curve>
      </ot:geometria>
    </ot:OT_BUHD_L>
  </gml:featureMember>
  <gml:featureMember>
    <ot:OT_BUHD_L gml:id="OT_BUHD_L.42db5c58-2cca-4bd3-8c1e-6ba0c7736ab0">
      <ot:lokalnyId>28BEDAB6-82B5-F426-E053-CC2BA8C0B2DD</ot:lokalnyId>
      <ot:przestrzenNazw>PL.PZGiK.336.BDOT10k</ot:przestrzenNazw>
      <ot:wersja>2023-12-28T12:00:00</ot:wersja>
      <ot:poczatekWersjiObiektu>2023-12-28T12:00:00</ot:poczatekWersjiObiektu>
      <ot:oznaczenieZmiany>GI-TOPO.600.116.2023</ot:oznaczenieZmiany>
      <ot:zrodloDanychGeometrycznych>ortofotomapa</ot:zrodloDanychGeometrycznych>
      <ot:kategoriaIstnienia>eksploatowany</ot:kategoriaIstnienia>
      <ot:kodKarto10k>0010_616</ot:kodKarto10k>
      <ot:rodzaj>zapora</ot:rodzaj>
      <ot:wysokoscZapory uom="m">8.3</ot:wysokoscZapory>
      <ot:geometria>
        <gml:Curve srsName="EPSG:2180" gml:id="geom.942849a2-c14f-46d1-8dc3-7b6f2b3a91d6" srsDimension="2">
          <gml:segments>
            <gml:LineStringSegment>
              <gml:posList>499285.57 682409.30 499274.43 682421.37</gml:posList>
            </gml:LineStringSegment>
          </gml:segments>
        </gml:Curve>
      </ot:geometria>
    </ot:OT_BUHD_L>
  </gml:featureMember>
</gml:FeatureCollection>