﻿<?xml version="1.0" encoding="utf-8"?>
<gml:FeatureCollection xmlns:gml="http://www.opengis.net/gml/3.2" xmlns:xlink="http://www.w3.org/1999/xlink" xmlns:ot="urn:gugik:specyfikacje:gmlas:bazaDanychObiektowTopograficznych10k:2.0" xmlns:gmd="http://www.isotc211.org/2005/gmd" xmlns:bt="urn:gugik:specyfikacje:gmlas:modelPodstawowy:1.0" xmlns:xsi="http://www.w3.org/2001/XMLSchema-instance" gml:id="WODGiK_OT_KUOS_A" xsi:schemaLocation="urn:gugik:specyfikacje:gmlas:bazaDanychObiektowTopograficznych10k:2.0 ./XSD/BDOT10k_BDOO.XSD">
  <gml:featureMember>
    <ot:OT_KUOS_A gml:id="OT_KUOS_A.6f0d2a91-c872-4e70-826b-d4fc34f5b385">
      <ot:lokalnyId>28BEDAB6-AF38-F426-E053-CC2BA8C0B2DD</ot:lokalnyId>
      <ot:przestrzenNazw>PL.PZGiK.336.BDOT10k</ot:przestrzenNazw>
      <ot:wersja>2023-12-28T12:00:00</ot:wersja>
      <ot:poczatekWersjiObiektu>2023-12-28T12:00:00</ot:poczatekWersjiObiektu>
      <ot:oznaczenieZmiany>GI-TOPO.600.116.2023</ot:oznaczenieZmiany>
      <ot:zrodloDanychGeometrycznych>ortofotomapa</ot:zrodloDanychGeometrycznych>
      <ot:rodzaj>szkoła lub zespół szkół</ot:rodzaj>
      <ot:nazwa>Szkoła Podstawowa im. ks. Jana Twardowskiego w Kończewicach</ot:nazwa>
      <ot:geometria>
        <gml:Polygon srsName="EPSG:2180" gml:id="geom.0d298c48-1ee8-4c70-b45e-a30ce2a3d8bd" srsDimension="2">
          <gml:exterior>
            <gml:LinearRing>
              <gml:posList>491683.45 688351.52 491681.33 688274.93 491643.84 688281.01 491640.72 688262.84 491650.49 688261.70 491646.77 688235.89 491680.76 688230.93 491677.39 688172.78 491663.20 688173.89 491642.40 688177.22 491616.13 688181.98 491608.95 688183.21 491586.04 688187.14 491586.22 688190.16 491589.93 688251.15 491591.86 688280.52 491563.08 688283.52 491569.81 688375.06 491587.27 688373.34 491613.07 688365.01 491648.84 688357.04 491683.45 688351.52</gml:posList>
            </gml:LinearRing>
          </gml:exterior>
        </gml:Polygon>
      </ot:geometria>
    </ot:OT_KUOS_A>
  </gml:featureMember>
  <gml:featureMember>
    <ot:OT_KUOS_A gml:id="OT_KUOS_A.f89bb114-3f18-46d9-8ddf-14fa47c804c4">
      <ot:lokalnyId>28BEDAB6-AF3C-F426-E053-CC2BA8C0B2DD</ot:lokalnyId>
      <ot:przestrzenNazw>PL.PZGiK.336.BDOT10k</ot:przestrzenNazw>
      <ot:wersja>2023-12-28T12:00:00</ot:wersja>
      <ot:poczatekWersjiObiektu>2023-12-28T12:00:00</ot:poczatekWersjiObiektu>
      <ot:oznaczenieZmiany>GI-TOPO.600.116.2023</ot:oznaczenieZmiany>
      <ot:zrodloDanychGeometrycznych>ortofotomapa</ot:zrodloDanychGeometrycznych>
      <ot:rodzaj>szkoła lub zespół szkół</ot:rodzaj>
      <ot:nazwa>Szkoła Podstawowa Nr 2 im. Ignacego Krasickiego w Malborku</ot:nazwa>
      <ot:geometria>
        <gml:Polygon srsName="EPSG:2180" gml:id="geom.8bb3647b-f895-4b0d-80ed-2922ef8d7cea" srsDimension="2">
          <gml:exterior>
            <gml:LinearRing>
              <gml:posList>503874.81 685820.77 503879.35 685821.80 503916.34 685830.16 503914.97 685836.03 503908.28 685867.67 503906.62 685880.42 503906.20 685882.51 503901.49 685914.51 503897.31 685942.77 503920.73 685945.56 503933.36 685947.06 503954.25 685949.55 503960.32 685950.27 503961.24 685944.61 503965.67 685917.21 503971.77 685879.56 503977.69 685843.02 503986.21 685790.26 503983.25 685789.68 503921.28 685776.98 503888.81 685770.48 503882.70 685769.26 503876.13 685812.14 503874.81 685820.77</gml:posList>
            </gml:LinearRing>
          </gml:exterior>
        </gml:Polygon>
      </ot:geometria>
    </ot:OT_KUOS_A>
  </gml:featureMember>
  <gml:featureMember>
    <ot:OT_KUOS_A gml:id="OT_KUOS_A.2cf6886b-200b-46df-9a10-1ed507bb214e">
      <ot:lokalnyId>28BEDAB6-AF34-F426-E053-CC2BA8C0B2DD</ot:lokalnyId>
      <ot:przestrzenNazw>PL.PZGiK.336.BDOT10k</ot:przestrzenNazw>
      <ot:wersja>2023-12-28T12:00:00</ot:wersja>
      <ot:poczatekWersjiObiektu>2023-12-28T12:00:00</ot:poczatekWersjiObiektu>
      <ot:oznaczenieZmiany>GI-TOPO.600.116.2023</ot:oznaczenieZmiany>
      <ot:zrodloDanychGeometrycznych>ortofotomapa</ot:zrodloDanychGeometrycznych>
      <ot:rodzaj>przedszkole</ot:rodzaj>
      <ot:nazwa>Przedszkole Nr 5 im. Dzieci z Zamkowego Wzgórza w Malborku</ot:nazwa>
      <ot:geometria>
        <gml:Polygon srsName="EPSG:2180" gml:id="geom.c5d7d6ff-e57e-43ad-8019-e19b4b5eafd0" srsDimension="2">
          <gml:exterior>
            <gml:LinearRing>
              <gml:posList>501757.32 685744.28 501795.17 685725.77 501791.60 685717.38 501789.11 685711.51 501783.58 685698.51 501778.10 685685.15 501764.21 685652.89 501747.86 685655.97 501719.42 685661.32 501723.80 685674.17 501745.68 685722.63 501757.32 685744.28</gml:posList>
            </gml:LinearRing>
          </gml:exterior>
        </gml:Polygon>
      </ot:geometria>
    </ot:OT_KUOS_A>
  </gml:featureMember>
  <gml:featureMember>
    <ot:OT_KUOS_A gml:id="OT_KUOS_A.fe099c33-2179-481b-9a7b-b1d2a03e800b">
      <ot:lokalnyId>28BEDAB6-AF36-F426-E053-CC2BA8C0B2DD</ot:lokalnyId>
      <ot:przestrzenNazw>PL.PZGiK.336.BDOT10k</ot:przestrzenNazw>
      <ot:wersja>2023-12-28T12:00:00</ot:wersja>
      <ot:poczatekWersjiObiektu>2023-12-28T12:00:00</ot:poczatekWersjiObiektu>
      <ot:oznaczenieZmiany>GI-TOPO.600.116.2023</ot:oznaczenieZmiany>
      <ot:zrodloDanychGeometrycznych>ortofotomapa</ot:zrodloDanychGeometrycznych>
      <ot:rodzaj>szkoła lub zespół szkół</ot:rodzaj>
      <ot:nazwa>Szkoła Podstawowa im. Edyty Czoskówny w Szymankowie</ot:nazwa>
      <ot:geometria>
        <gml:Polygon srsName="EPSG:2180" gml:id="geom.a4b72996-af8a-4ec1-90c6-4be42aba3d68" srsDimension="2">
          <gml:exterior>
            <gml:LinearRing>
              <gml:posList>495234.01 689601.58 495263.59 689687.75 495200.91 689708.17 495205.45 689724.98 495206.94 689729.31 495219.87 689770.96 495221.18 689774.82 495350.04 689728.23 495347.60 689720.89 495306.62 689573.91 495234.01 689601.58</gml:posList>
            </gml:LinearRing>
          </gml:exterior>
        </gml:Polygon>
      </ot:geometria>
    </ot:OT_KUOS_A>
  </gml:featureMember>
  <gml:featureMember>
    <ot:OT_KUOS_A gml:id="OT_KUOS_A.53152578-422d-4c2d-8310-2a3c183f0861">
      <ot:lokalnyId>28BEDAB6-AF35-F426-E053-CC2BA8C0B2DD</ot:lokalnyId>
      <ot:przestrzenNazw>PL.PZGiK.336.BDOT10k</ot:przestrzenNazw>
      <ot:wersja>2023-12-28T12:00:00</ot:wersja>
      <ot:poczatekWersjiObiektu>2023-12-28T12:00:00</ot:poczatekWersjiObiektu>
      <ot:oznaczenieZmiany>GI-TOPO.600.116.2023</ot:oznaczenieZmiany>
      <ot:zrodloDanychGeometrycznych>ortofotomapa</ot:zrodloDanychGeometrycznych>
      <ot:rodzaj>szkoła lub zespół szkół</ot:rodzaj>
      <ot:nazwa>Szkoła Podstawowa Nr 9 im. Kazimierza Jagiellończyka w Malborku</ot:nazwa>
      <ot:geometria>
        <gml:Polygon srsName="EPSG:2180" gml:id="geom.dfa3fe26-4f96-4920-940a-85f5259449c0" srsDimension="2">
          <gml:exterior>
            <gml:LinearRing>
              <gml:posList>502271.81 686181.91 502305.78 686115.94 502315.03 686102.70 502322.75 686091.67 502350.19 686067.44 502372.51 686050.86 502365.61 686030.68 502359.19 686007.19 502349.17 686009.31 502338.16 686011.95 502338.63 686014.20 502339.52 686018.29 502331.99 686019.95 502329.09 686020.63 502298.90 686030.29 502291.76 686032.57 502204.38 686070.59 502208.27 686081.01 502214.12 686095.56 502223.50 686120.95 502234.56 686155.52 502271.81 686181.91</gml:posList>
            </gml:LinearRing>
          </gml:exterior>
        </gml:Polygon>
      </ot:geometria>
    </ot:OT_KUOS_A>
  </gml:featureMember>
  <gml:featureMember>
    <ot:OT_KUOS_A gml:id="OT_KUOS_A.46da33e1-c978-43c0-baab-2a3e631b87d1">
      <ot:lokalnyId>28BEDAB6-AF37-F426-E053-CC2BA8C0B2DD</ot:lokalnyId>
      <ot:przestrzenNazw>PL.PZGiK.336.BDOT10k</ot:przestrzenNazw>
      <ot:wersja>2023-12-28T12:00:00</ot:wersja>
      <ot:poczatekWersjiObiektu>2023-12-28T12:00:00</ot:poczatekWersjiObiektu>
      <ot:oznaczenieZmiany>GI-TOPO.600.116.2023</ot:oznaczenieZmiany>
      <ot:zrodloDanychGeometrycznych>ortofotomapa</ot:zrodloDanychGeometrycznych>
      <ot:informacjaDodatkowa>Szkoła Podstawowa Nr 5 z Oddziałami Integracyjnymi im. UNICEF w Malborku, Przedszkole Nr 1 z Oddziałami Integracyjnymi i Specjalnymi w Malborku</ot:informacjaDodatkowa>
      <ot:rodzaj>szkoła lub zespół szkół</ot:rodzaj>
      <ot:nazwa>Zespół Szkolno-Przedszkolny Nr 1 w Malborku</ot:nazwa>
      <ot:geometria>
        <gml:Polygon srsName="EPSG:2180" gml:id="geom.ff9df6f8-4b55-4bee-ae0d-5443bfb5fb8b" srsDimension="2">
          <gml:exterior>
            <gml:LinearRing>
              <gml:posList>502798.10 684750.77 502833.57 684704.46 502835.46 684700.51 502836.56 684694.64 502836.12 684677.03 502839.74 684675.30 502842.29 684673.08 502852.77 684676.70 502864.56 684656.92 502878.54 684628.96 502885.85 684628.04 502895.34 684606.92 502893.47 684606.23 502873.38 684598.81 502870.11 684597.51 502867.39 684596.43 502866.57 684598.45 502861.96 684597.10 502849.11 684593.35 502849.82 684591.05 502788.88 684576.83 502776.16 684573.49 502757.24 684568.52 502749.88 684566.59 502742.44 684575.88 502707.66 684633.40 502689.88 684666.03 502697.98 684672.38 502690.93 684681.82 502786.52 684753.43 502798.10 684750.77</gml:posList>
            </gml:LinearRing>
          </gml:exterior>
        </gml:Polygon>
      </ot:geometria>
    </ot:OT_KUOS_A>
  </gml:featureMember>
  <gml:featureMember>
    <ot:OT_KUOS_A gml:id="OT_KUOS_A.a282cf1a-0f36-4bfd-aa6b-9693cbc645ee">
      <ot:lokalnyId>06b1bbb0-9c1c-11ea-8e43-5404a6a68038</ot:lokalnyId>
      <ot:przestrzenNazw>PL.PZGiK.336.BDOT10k</ot:przestrzenNazw>
      <ot:wersja>2023-12-28T12:00:00</ot:wersja>
      <ot:poczatekWersjiObiektu>2023-12-28T12:00:00</ot:poczatekWersjiObiektu>
      <ot:oznaczenieZmiany>GI-TOPO.600.116.2023</ot:oznaczenieZmiany>
      <ot:zrodloDanychGeometrycznych>ortofotomapa</ot:zrodloDanychGeometrycznych>
      <ot:informacjaDodatkowa>Technikum Nr 3, Branżowa Szkoła I Stopnia Nr 3</ot:informacjaDodatkowa>
      <ot:rodzaj>szkoła lub zespół szkół</ot:rodzaj>
      <ot:nazwa>Zespół Szkół Ponadgimnazjalnych Nr 3 w Malborku</ot:nazwa>
      <ot:geometria>
        <gml:Polygon srsName="EPSG:2180" gml:id="geom.42d99d87-c236-4fbe-b3aa-86fd2439c060" srsDimension="2">
          <gml:exterior>
            <gml:LinearRing>
              <gml:posList>503374.67 685765.41 503376.54 685764.28 503388.89 685756.97 503392.32 685757.22 503443.14 685763.78 503445.58 685765.11 503450.86 685766.65 503457.15 685766.81 503494.94 685769.13 503499.15 685716.13 503499.39 685703.04 503483.36 685702.17 503459.71 685699.95 503444.21 685699.91 503429.60 685700.26 503414.12 685701.30 503401.22 685704.11 503376.23 685709.49 503344.34 685719.97 503340.18 685721.42 503341.15 685723.00 503374.67 685765.41</gml:posList>
            </gml:LinearRing>
          </gml:exterior>
        </gml:Polygon>
      </ot:geometria>
    </ot:OT_KUOS_A>
  </gml:featureMember>
  <gml:featureMember>
    <ot:OT_KUOS_A gml:id="OT_KUOS_A.7f3b95de-d2b3-4c2c-9373-fb252986f339">
      <ot:lokalnyId>ebd2eb1e-9c1b-11ea-807e-5404a6a68038</ot:lokalnyId>
      <ot:przestrzenNazw>PL.PZGiK.336.BDOT10k</ot:przestrzenNazw>
      <ot:wersja>2023-12-28T12:00:00</ot:wersja>
      <ot:poczatekWersjiObiektu>2023-12-28T12:00:00</ot:poczatekWersjiObiektu>
      <ot:oznaczenieZmiany>GI-TOPO.600.116.2023</ot:oznaczenieZmiany>
      <ot:zrodloDanychGeometrycznych>ortofotomapa</ot:zrodloDanychGeometrycznych>
      <ot:rodzaj>szkoła lub zespół szkół</ot:rodzaj>
      <ot:nazwa>Szkoła Podstawowa w Nowej Wsi Malborskiej</ot:nazwa>
      <ot:geometria>
        <gml:Polygon srsName="EPSG:2180" gml:id="geom.d773fcf5-8f68-4b1c-a897-024c3a124ff5" srsDimension="2">
          <gml:exterior>
            <gml:LinearRing>
              <gml:posList>504389.02 683101.94 504402.05 683093.71 504410.75 683089.27 504417.17 683085.99 504436.18 683077.50 504446.42 683073.80 504429.85 683036.53 504424.56 683024.46 504380.95 683042.23 504341.77 683064.70 504328.62 683071.18 504323.80 683061.37 504316.04 683046.86 504312.72 683040.66 504271.00 683058.81 504273.73 683064.75 504285.71 683090.82 504293.46 683109.67 504309.66 683142.76 504311.74 683147.02 504321.12 683166.19 504329.84 683157.73 504362.16 683129.70 504370.69 683115.05 504382.13 683106.28 504389.02 683101.94</gml:posList>
            </gml:LinearRing>
          </gml:exterior>
        </gml:Polygon>
      </ot:geometria>
    </ot:OT_KUOS_A>
  </gml:featureMember>
  <gml:featureMember>
    <ot:OT_KUOS_A gml:id="OT_KUOS_A.79e3d84c-866b-4f10-a3d5-4f75df4c88e7">
      <ot:lokalnyId>28BEDAB6-AF39-F426-E053-CC2BA8C0B2DD</ot:lokalnyId>
      <ot:przestrzenNazw>PL.PZGiK.336.BDOT10k</ot:przestrzenNazw>
      <ot:wersja>2023-12-28T12:00:00</ot:wersja>
      <ot:poczatekWersjiObiektu>2023-12-28T12:00:00</ot:poczatekWersjiObiektu>
      <ot:oznaczenieZmiany>GI-TOPO.600.116.2023</ot:oznaczenieZmiany>
      <ot:zrodloDanychGeometrycznych>ortofotomapa</ot:zrodloDanychGeometrycznych>
      <ot:rodzaj>szkoła lub zespół szkół</ot:rodzaj>
      <ot:nazwa>Szkoła Podstawowa im. Bohaterów Września 1939 Roku w Lisewie Malborskim</ot:nazwa>
      <ot:geometria>
        <gml:Polygon srsName="EPSG:2180" gml:id="geom.bce7c666-9d23-4340-9921-7f3c33ed849f" srsDimension="2">
          <gml:exterior>
            <gml:LinearRing>
              <gml:posList>488974.10 692901.78 488986.41 692897.76 489015.03 692879.95 489045.83 692860.77 489061.76 692850.85 489064.46 692849.17 489022.74 692782.37 488993.42 692797.58 488974.51 692771.27 488945.95 692784.08 488907.72 692796.67 488855.35 692816.13 488887.89 692899.47 488893.98 692921.96 488974.10 692901.78</gml:posList>
            </gml:LinearRing>
          </gml:exterior>
        </gml:Polygon>
      </ot:geometria>
    </ot:OT_KUOS_A>
  </gml:featureMember>
  <gml:featureMember>
    <ot:OT_KUOS_A gml:id="OT_KUOS_A.baf95fed-bce8-4fff-b6b8-2f24f80e051d">
      <ot:lokalnyId>06b14680-9c1c-11ea-87b1-5404a6a68038</ot:lokalnyId>
      <ot:przestrzenNazw>PL.PZGiK.336.BDOT10k</ot:przestrzenNazw>
      <ot:wersja>2023-12-28T12:00:00</ot:wersja>
      <ot:poczatekWersjiObiektu>2023-12-28T12:00:00</ot:poczatekWersjiObiektu>
      <ot:oznaczenieZmiany>GI-TOPO.600.116.2023</ot:oznaczenieZmiany>
      <ot:zrodloDanychGeometrycznych>ortofotomapa</ot:zrodloDanychGeometrycznych>
      <ot:rodzaj>szkoła lub zespół szkół</ot:rodzaj>
      <ot:nazwa>II Liceum Ogólnokształcące w Malborku</ot:nazwa>
      <ot:geometria>
        <gml:Polygon srsName="EPSG:2180" gml:id="geom.5dca5786-7f58-47d1-bb32-273eaad82b80" srsDimension="2">
          <gml:exterior>
            <gml:LinearRing>
              <gml:posList>503489.40 685865.14 503496.99 685819.42 503491.53 685818.89 503493.77 685792.62 503494.32 685786.13 503494.94 685769.13 503457.15 685766.81 503450.86 685766.65 503445.58 685765.11 503443.14 685763.78 503392.32 685757.22 503388.89 685756.97 503376.54 685764.28 503374.67 685765.41 503375.66 685766.66 503392.88 685796.67 503420.45 685836.37 503445.37 685867.97 503483.65 685929.21 503491.16 685924.83 503486.43 685917.90 503482.64 685905.85 503489.40 685865.14</gml:posList>
            </gml:LinearRing>
          </gml:exterior>
        </gml:Polygon>
      </ot:geometria>
    </ot:OT_KUOS_A>
  </gml:featureMember>
  <gml:featureMember>
    <ot:OT_KUOS_A gml:id="OT_KUOS_A.b330920c-b833-4e97-b709-ce30c1399cd6">
      <ot:lokalnyId>28BEDAB6-AF3D-F426-E053-CC2BA8C0B2DD</ot:lokalnyId>
      <ot:przestrzenNazw>PL.PZGiK.336.BDOT10k</ot:przestrzenNazw>
      <ot:wersja>2023-12-28T12:00:00</ot:wersja>
      <ot:poczatekWersjiObiektu>2023-12-28T12:00:00</ot:poczatekWersjiObiektu>
      <ot:oznaczenieZmiany>GI-TOPO.600.116.2023</ot:oznaczenieZmiany>
      <ot:zrodloDanychGeometrycznych>ortofotomapa</ot:zrodloDanychGeometrycznych>
      <ot:informacjaDodatkowa>IV Liceum Ogólnokształcące, Technikum Nr 2, Branżowa Szkoła I Stopnia Nr 1, Szkoła Mistrzostwa Sportowego</ot:informacjaDodatkowa>
      <ot:rodzaj>szkoła lub zespół szkół</ot:rodzaj>
      <ot:nazwa>Zespół Szkół Ponadgimnazjalnych Nr 4 w Malborku</ot:nazwa>
      <ot:geometria>
        <gml:Polygon srsName="EPSG:2180" gml:id="geom.47d8bca2-7ffc-410f-954a-91c31a358eb5" srsDimension="2">
          <gml:exterior>
            <gml:LinearRing>
              <gml:posList>502271.79 686188.75 502268.84 686186.69 502271.81 686181.91 502234.56 686155.52 502223.50 686120.95 502220.10 686122.69 502218.36 686118.02 502216.73 686114.03 502209.02 686094.10 502202.03 686077.05 502197.54 686066.09 502184.61 686071.24 502145.98 686086.62 502124.35 686095.24 502108.17 686101.68 502082.89 686111.75 502091.26 686124.16 502144.01 686200.06 502157.04 686214.24 502168.49 686229.12 502187.42 686249.29 502207.41 686269.98 502212.20 686274.58 502216.65 686270.16 502271.79 686188.75</gml:posList>
            </gml:LinearRing>
          </gml:exterior>
        </gml:Polygon>
      </ot:geometria>
    </ot:OT_KUOS_A>
  </gml:featureMember>
  <gml:featureMember>
    <ot:OT_KUOS_A gml:id="OT_KUOS_A.338dcb5d-bc7f-4428-be32-79d25ab8f431">
      <ot:lokalnyId>28BEDAB6-AF3E-F426-E053-CC2BA8C0B2DD</ot:lokalnyId>
      <ot:przestrzenNazw>PL.PZGiK.336.BDOT10k</ot:przestrzenNazw>
      <ot:wersja>2023-12-28T12:00:00</ot:wersja>
      <ot:poczatekWersjiObiektu>2023-12-28T12:00:00</ot:poczatekWersjiObiektu>
      <ot:oznaczenieZmiany>GI-TOPO.600.116.2023</ot:oznaczenieZmiany>
      <ot:zrodloDanychGeometrycznych>ortofotomapa</ot:zrodloDanychGeometrycznych>
      <ot:informacjaDodatkowa>Centrum Kształcenia Ustawicznego, Centrum Kształcenia Zawodowego, Liceum Ogólnokształcące dla Dorosłych, Szkoła Podstawowa dla Dorosłych</ot:informacjaDodatkowa>
      <ot:rodzaj>szkoła lub zespół szkół</ot:rodzaj>
      <ot:nazwa>Centrum Edukacji Zawodowej w Malborku</ot:nazwa>
      <ot:geometria>
        <gml:Polygon srsName="EPSG:2180" gml:id="geom.c57b87b3-dc3a-4f07-a3f8-a5a00139371d" srsDimension="2">
          <gml:exterior>
            <gml:LinearRing>
              <gml:posList>503033.73 684506.19 503045.27 684516.35 503090.97 684559.31 503117.00 684584.38 503123.89 684590.33 503191.72 684515.50 503194.48 684512.45 503123.70 684453.38 503088.38 684441.69 503085.14 684450.59 503058.42 684478.93 503033.73 684506.19</gml:posList>
            </gml:LinearRing>
          </gml:exterior>
        </gml:Polygon>
      </ot:geometria>
    </ot:OT_KUOS_A>
  </gml:featureMember>
  <gml:featureMember>
    <ot:OT_KUOS_A gml:id="OT_KUOS_A.9d055e8b-3dac-4229-b211-cd6e7e829330">
      <ot:lokalnyId>28BEDAB6-AF3F-F426-E053-CC2BA8C0B2DD</ot:lokalnyId>
      <ot:przestrzenNazw>PL.PZGiK.336.BDOT10k</ot:przestrzenNazw>
      <ot:wersja>2023-12-28T12:00:00</ot:wersja>
      <ot:poczatekWersjiObiektu>2023-12-28T12:00:00</ot:poczatekWersjiObiektu>
      <ot:oznaczenieZmiany>GI-TOPO.600.116.2023</ot:oznaczenieZmiany>
      <ot:zrodloDanychGeometrycznych>ortofotomapa</ot:zrodloDanychGeometrycznych>
      <ot:informacjaDodatkowa>Inspekcja Weterynaryjna</ot:informacjaDodatkowa>
      <ot:rodzaj>ośrodek naukowo-badawczy</ot:rodzaj>
      <ot:nazwa>Powiatowy Inspektorat Weterynarii</ot:nazwa>
      <ot:geometria>
        <gml:Polygon srsName="EPSG:2180" gml:id="geom.f1b8f657-fe82-45c1-ba80-69dec50805fc" srsDimension="2">
          <gml:exterior>
            <gml:LinearRing>
              <gml:posList>500800.50 685988.51 500795.85 685991.35 500811.54 686017.43 500824.51 686039.21 500833.30 686060.16 500839.70 686081.23 500842.14 686087.28 500847.48 686100.53 500869.61 686109.75 500893.67 686122.33 500922.64 686096.53 500905.00 686065.55 500905.71 686060.29 500913.13 686056.65 500901.13 686032.75 500898.71 686033.97 500894.35 686025.20 500894.99 686024.87 500886.58 686008.43 500891.37 686006.05 500873.33 685965.77 500872.05 685962.46 500864.20 685965.22 500800.50 685988.51</gml:posList>
            </gml:LinearRing>
          </gml:exterior>
        </gml:Polygon>
      </ot:geometria>
    </ot:OT_KUOS_A>
  </gml:featureMember>
  <gml:featureMember>
    <ot:OT_KUOS_A gml:id="OT_KUOS_A.87080b97-897b-478e-93f5-c075851d6060">
      <ot:lokalnyId>28BEDAB6-AF40-F426-E053-CC2BA8C0B2DD</ot:lokalnyId>
      <ot:przestrzenNazw>PL.PZGiK.336.BDOT10k</ot:przestrzenNazw>
      <ot:wersja>2023-12-28T12:00:00</ot:wersja>
      <ot:poczatekWersjiObiektu>2023-12-28T12:00:00</ot:poczatekWersjiObiektu>
      <ot:oznaczenieZmiany>GI-TOPO.600.116.2023</ot:oznaczenieZmiany>
      <ot:zrodloDanychGeometrycznych>ortofotomapa</ot:zrodloDanychGeometrycznych>
      <ot:informacjaDodatkowa>Specjalny Ośrodek Rewalidacyjno-Wychowawczy dla Dzieci i Młodzieży z Autyzmem, Punkt Przedszkolny Specjalny, Szkoła Podstawowa Nr 10 Specjalna, Szkoła Specjalna Przysposabiająca do Pracy, Branżowa Szkoła I Stopnia Nr 5 Specjalna</ot:informacjaDodatkowa>
      <ot:rodzaj>szkoła lub zespół szkół</ot:rodzaj>
      <ot:nazwa>Specjalny Ośrodek Szkolno-Wychowawczy im. Marii Grzegorzewskiej w Malborku</ot:nazwa>
      <ot:geometria>
        <gml:Polygon srsName="EPSG:2180" gml:id="geom.7b5bc3d5-de0f-40d4-a185-30803e7ed83c" srsDimension="2">
          <gml:exterior>
            <gml:LinearRing>
              <gml:posList>501693.69 684707.19 501749.62 684805.00 501754.52 684802.17 501815.36 684767.06 501830.02 684760.76 501839.81 684755.32 501863.34 684742.24 501881.75 684731.85 501909.03 684716.84 501900.21 684708.05 501893.44 684703.59 501886.67 684700.03 501877.49 684695.79 501867.80 684690.91 501859.65 684688.19 501835.45 684680.86 501829.66 684670.46 501805.21 684626.53 501803.75 684623.91 501789.50 684630.61 501754.20 684645.31 501756.49 684649.64 501762.62 684661.28 501749.00 684672.34 501728.52 684683.93 501730.81 684688.94 501711.98 684696.62 501693.69 684707.19</gml:posList>
            </gml:LinearRing>
          </gml:exterior>
        </gml:Polygon>
      </ot:geometria>
    </ot:OT_KUOS_A>
  </gml:featureMember>
  <gml:featureMember>
    <ot:OT_KUOS_A gml:id="OT_KUOS_A.13b087ff-da6b-4b57-a53b-5ddb14f63909">
      <ot:lokalnyId>28BEDAB6-AF41-F426-E053-CC2BA8C0B2DD</ot:lokalnyId>
      <ot:przestrzenNazw>PL.PZGiK.336.BDOT10k</ot:przestrzenNazw>
      <ot:wersja>2023-12-28T12:00:00</ot:wersja>
      <ot:poczatekWersjiObiektu>2023-12-28T12:00:00</ot:poczatekWersjiObiektu>
      <ot:oznaczenieZmiany>GI-TOPO.600.116.2023</ot:oznaczenieZmiany>
      <ot:zrodloDanychGeometrycznych>ortofotomapa</ot:zrodloDanychGeometrycznych>
      <ot:rodzaj>przedszkole</ot:rodzaj>
      <ot:nazwa>Przedszkole Nr 8 w Malborku</ot:nazwa>
      <ot:geometria>
        <gml:Polygon srsName="EPSG:2180" gml:id="geom.4c947d34-9429-4d2c-ae1e-90620a8a524b" srsDimension="2">
          <gml:exterior>
            <gml:LinearRing>
              <gml:posList>502008.70 685292.30 502015.02 685301.49 502017.03 685347.28 502017.39 685355.56 502073.57 685349.87 502072.98 685341.60 502067.92 685270.39 502012.15 685274.92 502011.03 685288.99 502008.70 685292.30</gml:posList>
            </gml:LinearRing>
          </gml:exterior>
        </gml:Polygon>
      </ot:geometria>
    </ot:OT_KUOS_A>
  </gml:featureMember>
  <gml:featureMember>
    <ot:OT_KUOS_A gml:id="OT_KUOS_A.632fedf4-26ce-49f8-816b-38f86253764c">
      <ot:lokalnyId>28BEDAB6-AF49-F426-E053-CC2BA8C0B2DD</ot:lokalnyId>
      <ot:przestrzenNazw>PL.PZGiK.336.BDOT10k</ot:przestrzenNazw>
      <ot:wersja>2023-12-28T12:00:00</ot:wersja>
      <ot:poczatekWersjiObiektu>2023-12-28T12:00:00</ot:poczatekWersjiObiektu>
      <ot:oznaczenieZmiany>GI-TOPO.600.116.2023</ot:oznaczenieZmiany>
      <ot:zrodloDanychGeometrycznych>ortofotomapa</ot:zrodloDanychGeometrycznych>
      <ot:informacjaDodatkowa>Szkoła Podstawowa Nr 2 im. Wincentego Pola w Nowym Stawie</ot:informacjaDodatkowa>
      <ot:rodzaj>szkoła lub zespół szkół</ot:rodzaj>
      <ot:nazwa>Zespół Szkolno-Przedszkolny w Nowym Stawie</ot:nazwa>
      <ot:geometria>
        <gml:Polygon srsName="EPSG:2180" gml:id="geom.0c4340f8-ed25-4937-8061-012b345394e9" srsDimension="2">
          <gml:exterior>
            <gml:LinearRing>
              <gml:posList>499772.94 696572.31 499801.15 696585.26 499813.89 696592.65 499823.94 696579.31 499854.72 696599.62 499882.63 696578.90 499897.44 696555.05 499886.62 696548.09 499901.41 696523.08 499838.02 696504.36 499835.41 696510.08 499806.63 696497.14 499772.94 696572.31</gml:posList>
            </gml:LinearRing>
          </gml:exterior>
        </gml:Polygon>
      </ot:geometria>
    </ot:OT_KUOS_A>
  </gml:featureMember>
  <gml:featureMember>
    <ot:OT_KUOS_A gml:id="OT_KUOS_A.0b262e9f-6ac2-4124-a15f-f82fd9f6e1f8">
      <ot:lokalnyId>28BEDAB6-AF4A-F426-E053-CC2BA8C0B2DD</ot:lokalnyId>
      <ot:przestrzenNazw>PL.PZGiK.336.BDOT10k</ot:przestrzenNazw>
      <ot:wersja>2023-12-28T12:00:00</ot:wersja>
      <ot:poczatekWersjiObiektu>2023-12-28T12:00:00</ot:poczatekWersjiObiektu>
      <ot:oznaczenieZmiany>GI-TOPO.600.116.2023</ot:oznaczenieZmiany>
      <ot:zrodloDanychGeometrycznych>ortofotomapa</ot:zrodloDanychGeometrycznych>
      <ot:rodzaj>szkoła lub zespół szkół</ot:rodzaj>
      <ot:nazwa>Szkoła Podstawowa im. Bohaterów Września 1939 Roku w Lisewie Malborskim</ot:nazwa>
      <ot:geometria>
        <gml:Polygon srsName="EPSG:2180" gml:id="geom.4f037280-5d52-483f-a8ae-cdb235ae999d" srsDimension="2">
          <gml:exterior>
            <gml:LinearRing>
              <gml:posList>488887.61 692729.16 488903.61 692755.77 488909.99 692766.39 488956.17 692740.93 488981.93 692726.72 488958.33 692687.60 488941.95 692697.69 488937.77 692700.30 488906.95 692717.26 488887.61 692729.16</gml:posList>
            </gml:LinearRing>
          </gml:exterior>
        </gml:Polygon>
      </ot:geometria>
    </ot:OT_KUOS_A>
  </gml:featureMember>
  <gml:featureMember>
    <ot:OT_KUOS_A gml:id="OT_KUOS_A.46aca0cd-3e51-46be-87a7-94ed65ddc82c">
      <ot:lokalnyId>28BEDAB6-AF4B-F426-E053-CC2BA8C0B2DD</ot:lokalnyId>
      <ot:przestrzenNazw>PL.PZGiK.336.BDOT10k</ot:przestrzenNazw>
      <ot:wersja>2023-12-28T12:00:00</ot:wersja>
      <ot:poczatekWersjiObiektu>2023-12-28T12:00:00</ot:poczatekWersjiObiektu>
      <ot:oznaczenieZmiany>GI-TOPO.600.116.2023</ot:oznaczenieZmiany>
      <ot:zrodloDanychGeometrycznych>ortofotomapa</ot:zrodloDanychGeometrycznych>
      <ot:rodzaj>szkoła lub zespół szkół</ot:rodzaj>
      <ot:nazwa>Szkoła Podstawowa w Gminie Malbork</ot:nazwa>
      <ot:geometria>
        <gml:Polygon srsName="EPSG:2180" gml:id="geom.b3c5249c-c5f1-4fd6-bf44-4bd453f7a261" srsDimension="2">
          <gml:exterior>
            <gml:LinearRing>
              <gml:posList>501472.22 686628.80 501477.45 686627.01 501485.27 686641.24 501509.56 686625.63 501518.21 686620.07 501545.74 686602.09 501540.24 686594.53 501528.50 686601.60 501513.12 686611.62 501510.04 686605.12 501489.97 686570.23 501482.16 686547.78 501481.60 686546.17 501429.16 686559.58 501430.58 686565.45 501432.92 686575.29 501434.51 686578.47 501441.25 686594.72 501443.04 686598.86 501447.11 686609.28 501459.40 686633.19 501472.22 686628.80</gml:posList>
            </gml:LinearRing>
          </gml:exterior>
        </gml:Polygon>
      </ot:geometria>
    </ot:OT_KUOS_A>
  </gml:featureMember>
  <gml:featureMember>
    <ot:OT_KUOS_A gml:id="OT_KUOS_A.b20cb82a-6af5-43d9-8baf-f9631357cff7">
      <ot:lokalnyId>28BEDAB6-AF4C-F426-E053-CC2BA8C0B2DD</ot:lokalnyId>
      <ot:przestrzenNazw>PL.PZGiK.336.BDOT10k</ot:przestrzenNazw>
      <ot:wersja>2023-12-28T12:00:00</ot:wersja>
      <ot:poczatekWersjiObiektu>2023-12-28T12:00:00</ot:poczatekWersjiObiektu>
      <ot:oznaczenieZmiany>GI-TOPO.600.116.2023</ot:oznaczenieZmiany>
      <ot:zrodloDanychGeometrycznych>ortofotomapa</ot:zrodloDanychGeometrycznych>
      <ot:informacjaDodatkowa>Klub Malucha</ot:informacjaDodatkowa>
      <ot:rodzaj>przedszkole</ot:rodzaj>
      <ot:nazwa>Przedszkole w Nowym Stawie</ot:nazwa>
      <ot:geometria>
        <gml:Polygon srsName="EPSG:2180" gml:id="geom.b26b1596-abfa-4a53-94be-be164c5ca45d" srsDimension="2">
          <gml:exterior>
            <gml:LinearRing>
              <gml:posList>500241.36 696881.34 500260.12 696898.45 500270.37 696906.57 500341.17 696847.18 500320.30 696815.10 500278.84 696849.22 500265.22 696862.71 500241.36 696881.34</gml:posList>
            </gml:LinearRing>
          </gml:exterior>
        </gml:Polygon>
      </ot:geometria>
    </ot:OT_KUOS_A>
  </gml:featureMember>
  <gml:featureMember>
    <ot:OT_KUOS_A gml:id="OT_KUOS_A.73855c90-abf0-40c6-838c-42011bfce2d1">
      <ot:lokalnyId>28BEDAB6-AF42-F426-E053-CC2BA8C0B2DD</ot:lokalnyId>
      <ot:przestrzenNazw>PL.PZGiK.336.BDOT10k</ot:przestrzenNazw>
      <ot:wersja>2023-12-28T12:00:00</ot:wersja>
      <ot:poczatekWersjiObiektu>2023-12-28T12:00:00</ot:poczatekWersjiObiektu>
      <ot:oznaczenieZmiany>GI-TOPO.600.116.2023</ot:oznaczenieZmiany>
      <ot:zrodloDanychGeometrycznych>ortofotomapa</ot:zrodloDanychGeometrycznych>
      <ot:rodzaj>szkoła lub zespół szkół</ot:rodzaj>
      <ot:nazwa>Szkoła Podstawowa Nr 6 im. Jana Kochanowskiego w Malborku</ot:nazwa>
      <ot:geometria>
        <gml:Polygon srsName="EPSG:2180" gml:id="geom.4899dac0-85cc-43cd-8356-369fe7ffb5a5" srsDimension="2">
          <gml:exterior>
            <gml:LinearRing>
              <gml:posList>501179.62 686502.12 501194.92 686449.87 501201.35 686427.42 501203.80 686420.00 501214.65 686392.82 501145.33 686355.48 501140.38 686360.87 501131.33 686369.97 501126.45 686374.86 501109.65 686391.70 501063.91 686437.54 501053.73 686465.82 501169.70 686499.26 501179.62 686502.12</gml:posList>
            </gml:LinearRing>
          </gml:exterior>
        </gml:Polygon>
      </ot:geometria>
    </ot:OT_KUOS_A>
  </gml:featureMember>
  <gml:featureMember>
    <ot:OT_KUOS_A gml:id="OT_KUOS_A.8f25d41d-90e9-421e-a221-c1c1c61170c3">
      <ot:lokalnyId>28BEDAB6-AF45-F426-E053-CC2BA8C0B2DD</ot:lokalnyId>
      <ot:przestrzenNazw>PL.PZGiK.336.BDOT10k</ot:przestrzenNazw>
      <ot:wersja>2023-12-28T12:00:00</ot:wersja>
      <ot:poczatekWersjiObiektu>2023-12-28T12:00:00</ot:poczatekWersjiObiektu>
      <ot:oznaczenieZmiany>GI-TOPO.600.116.2023</ot:oznaczenieZmiany>
      <ot:zrodloDanychGeometrycznych>ortofotomapa</ot:zrodloDanychGeometrycznych>
      <ot:informacjaDodatkowa>Szkoła Podstawowa Nr 2 im. Wincentego Pola w Nowym Stawie</ot:informacjaDodatkowa>
      <ot:rodzaj>szkoła lub zespół szkół</ot:rodzaj>
      <ot:nazwa>Zespół Szkolno-Przedszkolny w Nowym Stawie</ot:nazwa>
      <ot:geometria>
        <gml:Polygon srsName="EPSG:2180" gml:id="geom.b4f87e6f-be1e-4347-9a95-daee8a69771c" srsDimension="2">
          <gml:exterior>
            <gml:LinearRing>
              <gml:posList>500114.29 696820.98 500124.73 696828.43 500126.67 696829.82 500146.61 696843.34 500188.34 696874.05 500247.26 696862.58 500283.68 696831.69 500265.01 696811.98 500262.88 696809.59 500260.54 696807.48 500233.25 696778.87 500253.25 696758.86 500268.48 696743.62 500252.98 696720.51 500211.58 696765.98 500200.69 696778.19 500191.20 696789.45 500165.96 696770.89 500157.44 696782.51 500139.82 696805.15 500132.52 696814.29 500124.16 696807.82 500114.29 696820.98</gml:posList>
            </gml:LinearRing>
          </gml:exterior>
        </gml:Polygon>
      </ot:geometria>
    </ot:OT_KUOS_A>
  </gml:featureMember>
  <gml:featureMember>
    <ot:OT_KUOS_A gml:id="OT_KUOS_A.9e5f3acb-c8ed-4623-b983-b14b3853a8a4">
      <ot:lokalnyId>28BEDAB6-AF47-F426-E053-CC2BA8C0B2DD</ot:lokalnyId>
      <ot:przestrzenNazw>PL.PZGiK.336.BDOT10k</ot:przestrzenNazw>
      <ot:wersja>2023-12-28T12:00:00</ot:wersja>
      <ot:poczatekWersjiObiektu>2023-12-28T12:00:00</ot:poczatekWersjiObiektu>
      <ot:oznaczenieZmiany>GI-TOPO.600.116.2023</ot:oznaczenieZmiany>
      <ot:zrodloDanychGeometrycznych>ortofotomapa</ot:zrodloDanychGeometrycznych>
      <ot:rodzaj>przedszkole</ot:rodzaj>
      <ot:nazwa>Przedszkole Nr 10 w Malborku</ot:nazwa>
      <ot:geometria>
        <gml:Polygon srsName="EPSG:2180" gml:id="geom.eff1403d-6cce-4aea-9bce-5c6e198b49b5" srsDimension="2">
          <gml:exterior>
            <gml:LinearRing>
              <gml:posList>502337.30 685273.84 502364.95 685291.24 502381.71 685265.63 502390.16 685251.66 502399.45 685236.30 502400.62 685234.26 502407.55 685222.16 502412.59 685213.35 502390.49 685203.69 502379.61 685198.47 502366.69 685192.25 502357.97 685206.22 502349.78 685219.66 502347.28 685223.65 502346.98 685223.46 502344.82 685226.80 502348.66 685229.35 502361.59 685235.36 502337.30 685273.84</gml:posList>
            </gml:LinearRing>
          </gml:exterior>
        </gml:Polygon>
      </ot:geometria>
    </ot:OT_KUOS_A>
  </gml:featureMember>
  <gml:featureMember>
    <ot:OT_KUOS_A gml:id="OT_KUOS_A.aaa87694-dfff-42de-a663-3ef11176fe02">
      <ot:lokalnyId>28BEDAB6-AF48-F426-E053-CC2BA8C0B2DD</ot:lokalnyId>
      <ot:przestrzenNazw>PL.PZGiK.336.BDOT10k</ot:przestrzenNazw>
      <ot:wersja>2023-12-28T12:00:00</ot:wersja>
      <ot:poczatekWersjiObiektu>2023-12-28T12:00:00</ot:poczatekWersjiObiektu>
      <ot:oznaczenieZmiany>GI-TOPO.600.116.2023</ot:oznaczenieZmiany>
      <ot:zrodloDanychGeometrycznych>ortofotomapa</ot:zrodloDanychGeometrycznych>
      <ot:informacjaDodatkowa>Żłobek w Starym Polu</ot:informacjaDodatkowa>
      <ot:rodzaj>przedszkole</ot:rodzaj>
      <ot:nazwa>Przedszkole w Starym Polu</ot:nazwa>
      <ot:geometria>
        <gml:Polygon srsName="EPSG:2180" gml:id="geom.6ebb07dd-74e9-452a-953b-feb09bdedc0e" srsDimension="2">
          <gml:exterior>
            <gml:LinearRing>
              <gml:posList>513507.25 687925.45 513531.80 687932.91 513559.65 687941.41 513568.22 687911.15 513577.01 687882.01 513582.47 687862.28 513573.71 687859.85 513528.59 687847.36 513523.39 687864.02 513527.23 687865.34 513513.93 687906.62 513507.25 687925.45</gml:posList>
            </gml:LinearRing>
          </gml:exterior>
        </gml:Polygon>
      </ot:geometria>
    </ot:OT_KUOS_A>
  </gml:featureMember>
  <gml:featureMember>
    <ot:OT_KUOS_A gml:id="OT_KUOS_A.94e12636-f991-407b-8136-ab2052d1aafd">
      <ot:lokalnyId>28BEDAB6-AF3B-F426-E053-CC2BA8C0B2DD</ot:lokalnyId>
      <ot:przestrzenNazw>PL.PZGiK.336.BDOT10k</ot:przestrzenNazw>
      <ot:wersja>2023-12-28T12:00:00</ot:wersja>
      <ot:poczatekWersjiObiektu>2023-12-28T12:00:00</ot:poczatekWersjiObiektu>
      <ot:oznaczenieZmiany>GI-TOPO.600.116.2023</ot:oznaczenieZmiany>
      <ot:zrodloDanychGeometrycznych>ortofotomapa</ot:zrodloDanychGeometrycznych>
      <ot:informacjaDodatkowa>zabytkowy zespół budynków szkolnych nr rej.: 425/95 z 1995-01-25; 425/95 z 1996-03-25</ot:informacjaDodatkowa>
      <ot:rodzaj>szkoła lub zespół szkół</ot:rodzaj>
      <ot:nazwa>I Liceum Ogólnokształcące im. Henryka Sienkiewicza w Malborku</ot:nazwa>
      <ot:geometria>
        <gml:Polygon srsName="EPSG:2180" gml:id="geom.beaae169-5d5e-4d9d-bc8d-bb4a25d99683" srsDimension="2">
          <gml:exterior>
            <gml:LinearRing>
              <gml:posList>501733.45 685527.99 501726.52 685530.05 501728.62 685536.28 501731.86 685545.21 501734.87 685554.31 501740.84 685552.79 501771.35 685546.18 501778.69 685586.96 501780.16 685595.14 501800.50 685591.78 501818.63 685588.97 501823.86 685588.09 501820.80 685567.39 501820.59 685566.40 501820.31 685566.46 501819.22 685561.07 501819.37 685561.02 501819.26 685560.46 501819.11 685560.48 501818.65 685558.28 501818.80 685558.23 501818.68 685557.65 501818.53 685557.69 501817.43 685552.33 501817.70 685552.26 501817.49 685551.30 501817.24 685551.34 501816.51 685547.99 501816.78 685547.94 501816.60 685546.98 501816.32 685547.02 501812.04 685525.84 501812.30 685525.78 501812.12 685524.83 501811.80 685524.89 501810.98 685520.65 501811.24 685520.58 501811.09 685519.73 501810.97 685519.76 501810.15 685515.45 501810.27 685515.42 501810.17 685514.82 501810.05 685514.84 501809.23 685510.53 501809.35 685510.50 501809.22 685509.90 501808.79 685509.98 501807.94 685505.63 501808.39 685505.56 501808.25 685504.73 501808.13 685504.75 501806.96 685500.27 501807.08 685500.23 501806.91 685499.36 501805.10 685496.24 501782.62 685501.27 501770.23 685505.06 501772.45 685512.27 501752.81 685515.62 501733.45 685527.99</gml:posList>
            </gml:LinearRing>
          </gml:exterior>
        </gml:Polygon>
      </ot:geometria>
    </ot:OT_KUOS_A>
  </gml:featureMember>
  <gml:featureMember>
    <ot:OT_KUOS_A gml:id="OT_KUOS_A.cb754755-2b71-4da3-ba6b-656c626cd02c">
      <ot:lokalnyId>28BEDAB6-AF2B-F426-E053-CC2BA8C0B2DD</ot:lokalnyId>
      <ot:przestrzenNazw>PL.PZGiK.336.BDOT10k</ot:przestrzenNazw>
      <ot:wersja>2023-12-28T12:00:00</ot:wersja>
      <ot:poczatekWersjiObiektu>2023-12-28T12:00:00</ot:poczatekWersjiObiektu>
      <ot:oznaczenieZmiany>GI-TOPO.600.116.2023</ot:oznaczenieZmiany>
      <ot:zrodloDanychGeometrycznych>ortofotomapa</ot:zrodloDanychGeometrycznych>
      <ot:rodzaj>szkoła lub zespół szkół</ot:rodzaj>
      <ot:nazwa>Szkoła Podstawowa Nr 3 im. 2 Pułku Nocnych Bombowców Kraków w Malborku</ot:nazwa>
      <ot:geometria>
        <gml:Polygon srsName="EPSG:2180" gml:id="geom.41977d9e-475a-48c8-acf9-aebd2bd636e4" srsDimension="2">
          <gml:exterior>
            <gml:LinearRing>
              <gml:posList>501569.26 683839.23 501878.69 683850.00 501911.69 683851.15 501913.87 683839.98 501917.90 683818.15 501922.63 683792.47 501924.44 683764.36 501921.02 683763.95 501920.64 683760.78 501919.24 683724.62 501918.13 683691.73 501884.50 683679.33 501889.86 683665.40 501882.99 683662.18 501884.69 683657.93 501832.89 683633.85 501826.25 683642.04 501837.54 683645.91 501834.13 683655.19 501823.62 683651.63 501811.71 683683.49 501782.54 683762.30 501779.26 683771.14 501721.99 683750.59 501727.58 683734.78 501630.67 683699.15 501617.41 683705.11 501569.26 683839.23</gml:posList>
            </gml:LinearRing>
          </gml:exterior>
        </gml:Polygon>
      </ot:geometria>
    </ot:OT_KUOS_A>
  </gml:featureMember>
  <gml:featureMember>
    <ot:OT_KUOS_A gml:id="OT_KUOS_A.f52d305c-a561-40ea-a6ec-ac8a10838af9">
      <ot:lokalnyId>28BEDAB6-AF2C-F426-E053-CC2BA8C0B2DD</ot:lokalnyId>
      <ot:przestrzenNazw>PL.PZGiK.336.BDOT10k</ot:przestrzenNazw>
      <ot:wersja>2023-12-28T12:00:00</ot:wersja>
      <ot:poczatekWersjiObiektu>2023-12-28T12:00:00</ot:poczatekWersjiObiektu>
      <ot:oznaczenieZmiany>GI-TOPO.600.116.2023</ot:oznaczenieZmiany>
      <ot:zrodloDanychGeometrycznych>ortofotomapa</ot:zrodloDanychGeometrycznych>
      <ot:rodzaj>szkoła lub zespół szkół</ot:rodzaj>
      <ot:nazwa>Szkoła Podstawowa Nr 8 im. Mikołaja Kopernika w Malborku</ot:nazwa>
      <ot:geometria>
        <gml:Polygon srsName="EPSG:2180" gml:id="geom.f92cbb01-8f33-48bf-9bbf-b7bccd6e442b" srsDimension="2">
          <gml:exterior>
            <gml:LinearRing>
              <gml:posList>502845.11 684986.68 502853.27 685000.27 502878.92 685043.02 502902.98 685083.12 502955.24 685057.86 502993.48 685039.37 502959.08 684985.07 502937.75 684950.57 502923.67 684927.09 502910.27 684904.76 502905.40 684897.64 502892.14 684917.32 502865.75 684955.71 502845.11 684986.68</gml:posList>
            </gml:LinearRing>
          </gml:exterior>
        </gml:Polygon>
      </ot:geometria>
    </ot:OT_KUOS_A>
  </gml:featureMember>
  <gml:featureMember>
    <ot:OT_KUOS_A gml:id="OT_KUOS_A.40c2ff55-c00b-4433-adcb-dfa6c314580d">
      <ot:lokalnyId>28BEDAB6-AF2D-F426-E053-CC2BA8C0B2DD</ot:lokalnyId>
      <ot:przestrzenNazw>PL.PZGiK.336.BDOT10k</ot:przestrzenNazw>
      <ot:wersja>2023-12-28T12:00:00</ot:wersja>
      <ot:poczatekWersjiObiektu>2023-12-28T12:00:00</ot:poczatekWersjiObiektu>
      <ot:oznaczenieZmiany>GI-TOPO.600.116.2023</ot:oznaczenieZmiany>
      <ot:zrodloDanychGeometrycznych>ortofotomapa</ot:zrodloDanychGeometrycznych>
      <ot:rodzaj>przedszkole</ot:rodzaj>
      <ot:nazwa>Przedszkole Niepubliczne Czerwony Kapturek s.c. Aleksandra Maślanka, Hanna Serkowska w Malborku</ot:nazwa>
      <ot:geometria>
        <gml:Polygon srsName="EPSG:2180" gml:id="geom.af6a7f2f-eb25-4659-979f-dbe8e91811a2" srsDimension="2">
          <gml:exterior>
            <gml:LinearRing>
              <gml:posList>502540.33 685046.55 502565.43 685063.80 502585.22 685075.64 502610.15 685090.57 502642.68 685070.41 502630.53 685049.08 502605.94 685008.58 502603.34 685004.31 502599.99 684998.64 502595.19 684991.47 502571.23 685005.25 502582.51 685021.98 502540.33 685046.55</gml:posList>
            </gml:LinearRing>
          </gml:exterior>
        </gml:Polygon>
      </ot:geometria>
    </ot:OT_KUOS_A>
  </gml:featureMember>
  <gml:featureMember>
    <ot:OT_KUOS_A gml:id="OT_KUOS_A.3818bbe6-acde-4ef7-9eb0-a264c55065db">
      <ot:lokalnyId>28BEDAB6-AF2E-F426-E053-CC2BA8C0B2DD</ot:lokalnyId>
      <ot:przestrzenNazw>PL.PZGiK.336.BDOT10k</ot:przestrzenNazw>
      <ot:wersja>2023-12-28T12:00:00</ot:wersja>
      <ot:poczatekWersjiObiektu>2023-12-28T12:00:00</ot:poczatekWersjiObiektu>
      <ot:oznaczenieZmiany>GI-TOPO.600.116.2023</ot:oznaczenieZmiany>
      <ot:zrodloDanychGeometrycznych>ortofotomapa</ot:zrodloDanychGeometrycznych>
      <ot:informacjaDodatkowa>Specjalna Szkoła Podstawowa Nr 11, Branżowa Szkoła I Stopnia Specjalna Nr 2</ot:informacjaDodatkowa>
      <ot:rodzaj>szkoła lub zespół szkół</ot:rodzaj>
      <ot:nazwa>Młodzieżowy Ośrodek Wychowawczy Nr 1 im. Tadeusza Kościuszki w Malborku</ot:nazwa>
      <ot:geometria>
        <gml:Polygon srsName="EPSG:2180" gml:id="geom.f724a3e9-2af9-45f9-97c7-28e272dbbddc" srsDimension="2">
          <gml:exterior>
            <gml:LinearRing>
              <gml:posList>501860.59 684910.64 501816.80 684830.07 501813.75 684819.80 501770.49 684841.24 501838.47 684962.77 501892.98 685065.06 501934.60 685051.86 501977.26 685039.22 501957.69 684998.42 501954.73 684992.23 501952.13 684986.82 501950.28 684983.33 501939.32 684962.65 501922.57 684931.05 501917.34 684921.18 501912.98 684912.95 501906.92 684901.58 501900.76 684890.01 501860.59 684910.64</gml:posList>
            </gml:LinearRing>
          </gml:exterior>
        </gml:Polygon>
      </ot:geometria>
    </ot:OT_KUOS_A>
  </gml:featureMember>
  <gml:featureMember>
    <ot:OT_KUOS_A gml:id="OT_KUOS_A.dcf02593-6fa1-40c4-897c-05895b84a701">
      <ot:lokalnyId>28BEDAB6-AF30-F426-E053-CC2BA8C0B2DD</ot:lokalnyId>
      <ot:przestrzenNazw>PL.PZGiK.336.BDOT10k</ot:przestrzenNazw>
      <ot:wersja>2023-12-28T12:00:00</ot:wersja>
      <ot:poczatekWersjiObiektu>2023-12-28T12:00:00</ot:poczatekWersjiObiektu>
      <ot:oznaczenieZmiany>GI-TOPO.600.116.2023</ot:oznaczenieZmiany>
      <ot:zrodloDanychGeometrycznych>ortofotomapa</ot:zrodloDanychGeometrycznych>
      <ot:informacjaDodatkowa>Szkoła Podstawowa im. Marii Konopnickiej w Miłoradzu, Przedszkole Gminne w Miłoradzu</ot:informacjaDodatkowa>
      <ot:rodzaj>szkoła lub zespół szkół</ot:rodzaj>
      <ot:nazwa>Zespół Szkół i Przedszkola w Miłoradzu</ot:nazwa>
      <ot:geometria>
        <gml:Polygon srsName="EPSG:2180" gml:id="geom.da385189-8e7a-490b-93de-523fd927649a" srsDimension="2">
          <gml:exterior>
            <gml:LinearRing>
              <gml:posList>494643.79 683049.65 494671.51 683038.29 494703.90 683025.47 494695.80 683005.62 494670.01 682942.44 494717.98 682922.42 494715.82 682915.76 494731.57 682909.68 494710.28 682860.08 494703.46 682862.85 494695.57 682864.24 494680.72 682864.24 494660.53 682862.62 494637.94 682863.24 494626.57 682865.10 494608.70 682871.83 494574.59 682888.08 494536.29 682907.35 494504.60 682925.16 494536.00 682996.38 494538.14 683000.94 494553.52 683035.98 494573.02 683080.27 494643.79 683049.65</gml:posList>
            </gml:LinearRing>
          </gml:exterior>
        </gml:Polygon>
      </ot:geometria>
    </ot:OT_KUOS_A>
  </gml:featureMember>
  <gml:featureMember>
    <ot:OT_KUOS_A gml:id="OT_KUOS_A.3fc87c4d-6e21-489d-acb2-e5a55dc182e2">
      <ot:lokalnyId>28BEDAB6-AF31-F426-E053-CC2BA8C0B2DD</ot:lokalnyId>
      <ot:przestrzenNazw>PL.PZGiK.336.BDOT10k</ot:przestrzenNazw>
      <ot:wersja>2023-12-28T12:00:00</ot:wersja>
      <ot:poczatekWersjiObiektu>2023-12-28T12:00:00</ot:poczatekWersjiObiektu>
      <ot:oznaczenieZmiany>GI-TOPO.600.116.2023</ot:oznaczenieZmiany>
      <ot:zrodloDanychGeometrycznych>ortofotomapa</ot:zrodloDanychGeometrycznych>
      <ot:rodzaj>szkoła lub zespół szkół</ot:rodzaj>
      <ot:nazwa>Szkoła Podstawowa im. Generała Józefa Bema w Starym Polu</ot:nazwa>
      <ot:geometria>
        <gml:Polygon srsName="EPSG:2180" gml:id="geom.e634d152-605c-47a9-b092-363cdd72032c" srsDimension="2">
          <gml:exterior>
            <gml:LinearRing>
              <gml:posList>513086.24 687433.23 513089.75 687405.08 513090.03 687402.81 513138.45 687410.39 513153.56 687319.75 513116.74 687317.39 513042.84 687314.68 513028.08 687317.41 513011.85 687422.92 513045.17 687427.54 513086.24 687433.23</gml:posList>
            </gml:LinearRing>
          </gml:exterior>
        </gml:Polygon>
      </ot:geometria>
    </ot:OT_KUOS_A>
  </gml:featureMember>
  <gml:featureMember>
    <ot:OT_KUOS_A gml:id="OT_KUOS_A.28b09263-c119-415f-b2bd-5a5674e669a8">
      <ot:lokalnyId>28BEDAB6-AF32-F426-E053-CC2BA8C0B2DD</ot:lokalnyId>
      <ot:przestrzenNazw>PL.PZGiK.336.BDOT10k</ot:przestrzenNazw>
      <ot:wersja>2023-12-28T12:00:00</ot:wersja>
      <ot:poczatekWersjiObiektu>2023-12-28T12:00:00</ot:poczatekWersjiObiektu>
      <ot:oznaczenieZmiany>GI-TOPO.600.116.2023</ot:oznaczenieZmiany>
      <ot:zrodloDanychGeometrycznych>ortofotomapa</ot:zrodloDanychGeometrycznych>
      <ot:rodzaj>szkoła lub zespół szkół</ot:rodzaj>
      <ot:nazwa>Szkoła Podstawowa Nr 1 im. Jana III Sobieskiego w Malborku</ot:nazwa>
      <ot:geometria>
        <gml:Polygon srsName="EPSG:2180" gml:id="geom.14628b92-3c9b-4b12-bafb-bcc409dcbf13" srsDimension="2">
          <gml:exterior>
            <gml:LinearRing>
              <gml:posList>501733.45 685527.99 501752.81 685515.62 501772.45 685512.27 501770.23 685505.06 501782.62 685501.27 501778.46 685484.25 501772.49 685456.98 501764.96 685458.37 501745.32 685462.49 501724.08 685466.93 501717.61 685467.47 501712.05 685467.90 501707.35 685467.76 501705.99 685467.76 501684.33 685466.92 501679.03 685466.67 501663.97 685464.99 501663.75 685468.17 501664.07 685472.48 501665.34 685489.71 501668.09 685498.89 501672.44 685513.39 501691.33 685507.99 501699.18 685524.07 501704.29 685534.78 501705.81 685539.86 501726.52 685530.05 501733.45 685527.99</gml:posList>
            </gml:LinearRing>
          </gml:exterior>
        </gml:Polygon>
      </ot:geometria>
    </ot:OT_KUOS_A>
  </gml:featureMember>
  <gml:featureMember>
    <ot:OT_KUOS_A gml:id="OT_KUOS_A.e01be287-22d0-4861-9664-da2fe9d22163">
      <ot:lokalnyId>28BEDAB6-AF4D-F426-E053-CC2BA8C0B2DD</ot:lokalnyId>
      <ot:przestrzenNazw>PL.PZGiK.336.BDOT10k</ot:przestrzenNazw>
      <ot:wersja>2023-12-28T12:00:00</ot:wersja>
      <ot:poczatekWersjiObiektu>2023-12-28T12:00:00</ot:poczatekWersjiObiektu>
      <ot:oznaczenieZmiany>GI-TOPO.600.116.2023</ot:oznaczenieZmiany>
      <ot:zrodloDanychGeometrycznych>ortofotomapa</ot:zrodloDanychGeometrycznych>
      <ot:informacjaDodatkowa>Szkoła Podstawowa Nr 2 im. Wincentego Pola w Nowym Stawie</ot:informacjaDodatkowa>
      <ot:rodzaj>szkoła lub zespół szkół</ot:rodzaj>
      <ot:nazwa>Zespół Szkolno-Przedszkolny w Nowym Stawie</ot:nazwa>
      <ot:geometria>
        <gml:Polygon srsName="EPSG:2180" gml:id="geom.63d9bd27-1f21-451b-9c54-c99158ce39fb" srsDimension="2">
          <gml:exterior>
            <gml:LinearRing>
              <gml:posList>501048.95 696606.36 501084.59 696595.43 501077.36 696556.00 501071.68 696522.24 501072.27 696511.57 500985.14 696533.80 500981.04 696534.76 500983.17 696563.95 500986.41 696575.98 500998.36 696571.86 500999.88 696575.98 501014.38 696572.02 501023.08 696597.49 501043.38 696589.79 501048.95 696606.36</gml:posList>
            </gml:LinearRing>
          </gml:exterior>
        </gml:Polygon>
      </ot:geometria>
    </ot:OT_KUOS_A>
  </gml:featureMember>
  <gml:featureMember>
    <ot:OT_KUOS_A gml:id="OT_KUOS_A.31c7cab7-1928-4494-9a3d-0019ae10e615">
      <ot:lokalnyId>28BEDAB6-AF46-F426-E053-CC2BA8C0B2DD</ot:lokalnyId>
      <ot:przestrzenNazw>PL.PZGiK.336.BDOT10k</ot:przestrzenNazw>
      <ot:wersja>2023-12-28T12:00:00</ot:wersja>
      <ot:poczatekWersjiObiektu>2023-12-28T12:00:00</ot:poczatekWersjiObiektu>
      <ot:oznaczenieZmiany>GI-TOPO.600.116.2023</ot:oznaczenieZmiany>
      <ot:zrodloDanychGeometrycznych>ortofotomapa</ot:zrodloDanychGeometrycznych>
      <ot:rodzaj>szkoła lub zespół szkół</ot:rodzaj>
      <ot:nazwa>Szkoła Podstawowa im. Stefana Żeromskiego w Lichnowach</ot:nazwa>
      <ot:geometria>
        <gml:Polygon srsName="EPSG:2180" gml:id="geom.2e207bdf-232d-41dc-85cf-f3717c86f8a2" srsDimension="2">
          <gml:exterior>
            <gml:LinearRing>
              <gml:posList>494050.92 695087.88 494078.55 695092.63 494156.79 695106.08 494219.44 695117.13 494222.16 695101.63 494238.02 695010.70 494208.85 695006.33 494207.75 695013.05 494173.54 695007.79 494176.37 694991.19 494177.11 694986.83 494181.91 694958.65 494122.44 694946.43 494075.66 694940.53 494072.57 694958.95 494050.92 695087.88</gml:posList>
            </gml:LinearRing>
          </gml:exterior>
        </gml:Polygon>
      </ot:geometria>
    </ot:OT_KUOS_A>
  </gml:featureMember>
</gml:FeatureCollection>