﻿<?xml version="1.0" encoding="utf-8"?>
<gml:FeatureCollection xmlns:gml="http://www.opengis.net/gml/3.2" xmlns:xlink="http://www.w3.org/1999/xlink" xmlns:ot="urn:gugik:specyfikacje:gmlas:bazaDanychObiektowTopograficznych10k:2.0" xmlns:gmd="http://www.isotc211.org/2005/gmd" xmlns:bt="urn:gugik:specyfikacje:gmlas:modelPodstawowy:1.0" xmlns:xsi="http://www.w3.org/2001/XMLSchema-instance" gml:id="WODGiK_OT_BUIT_A" xsi:schemaLocation="urn:gugik:specyfikacje:gmlas:bazaDanychObiektowTopograficznych10k:2.0 ./XSD/BDOT10k_BDOO.XSD">
  <gml:featureMember>
    <ot:OT_BUIT_A gml:id="OT_BUIT_A.18ade434-4b9c-4fbd-ae33-0c58db8c8467">
      <ot:lokalnyId>e50bd7a3-2d14-4791-8ee5-14e56e4dba16</ot:lokalnyId>
      <ot:przestrzenNazw>PL.PZGiK.336.BDOT10k</ot:przestrzenNazw>
      <ot:wersja>2023-12-28T12:00:00</ot:wersja>
      <ot:poczatekWersjiObiektu>2023-12-28T12:00:00</ot:poczatekWersjiObiektu>
      <ot:oznaczenieZmiany>GI-TOPO.600.116.2023</ot:oznaczenieZmiany>
      <ot:zrodloDanychGeometrycznych>ortofotomapa</ot:zrodloDanychGeometrycznych>
      <ot:kategoriaIstnienia>eksploatowany</ot:kategoriaIstnienia>
      <ot:kodKarto10k>0010_421_1</ot:kodKarto10k>
      <ot:rodzaj>zespół transformatorów</ot:rodzaj>
      <ot:geometria>
        <gml:Polygon srsName="EPSG:2180" gml:id="geom.d32eb391-9745-4ae1-be9c-418c89bf3218" srsDimension="2">
          <gml:exterior>
            <gml:LinearRing>
              <gml:posList>491721.20 680268.43 491753.82 680247.35 491744.10 680232.49 491780.42 680206.62 491768.13 680185.70 491732.34 680209.44 491730.15 680210.89 491731.95 680213.69 491737.31 680222.03 491705.22 680243.78 491721.20 680268.43</gml:posList>
            </gml:LinearRing>
          </gml:exterior>
        </gml:Polygon>
      </ot:geometria>
    </ot:OT_BUIT_A>
  </gml:featureMember>
  <gml:featureMember>
    <ot:OT_BUIT_A gml:id="OT_BUIT_A.ead9f2c2-72b8-4ad5-9376-315eb5f5e803">
      <ot:lokalnyId>992e7cd0-59c5-4ed6-bb30-1f1b98347003</ot:lokalnyId>
      <ot:przestrzenNazw>PL.PZGiK.336.BDOT10k</ot:przestrzenNazw>
      <ot:wersja>2023-12-28T12:00:00</ot:wersja>
      <ot:poczatekWersjiObiektu>2023-12-28T12:00:00</ot:poczatekWersjiObiektu>
      <ot:oznaczenieZmiany>GI-TOPO.600.116.2023</ot:oznaczenieZmiany>
      <ot:zrodloDanychGeometrycznych>ortofotomapa</ot:zrodloDanychGeometrycznych>
      <ot:kategoriaIstnienia>eksploatowany</ot:kategoriaIstnienia>
      <ot:kodKarto10k>0010_421_1</ot:kodKarto10k>
      <ot:rodzaj>zespół transformatorów</ot:rodzaj>
      <ot:geometria>
        <gml:Polygon srsName="EPSG:2180" gml:id="geom.c0b82c1f-8620-494c-a9a2-82bd5c97b693" srsDimension="2">
          <gml:exterior>
            <gml:LinearRing>
              <gml:posList>498147.26 699297.07 498117.82 699329.46 498110.60 699322.89 498112.89 699320.05 498098.75 699306.97 498117.39 699286.47 498131.36 699299.41 498139.72 699290.21 498147.26 699297.07</gml:posList>
            </gml:LinearRing>
          </gml:exterior>
        </gml:Polygon>
      </ot:geometria>
    </ot:OT_BUIT_A>
  </gml:featureMember>
  <gml:featureMember>
    <ot:OT_BUIT_A gml:id="OT_BUIT_A.ed124baf-ecf4-4433-b1d5-59f907ded2e6">
      <ot:lokalnyId>9bbeffd4-d8aa-43f9-8b7a-1dc0217df01e</ot:lokalnyId>
      <ot:przestrzenNazw>PL.PZGiK.336.BDOT10k</ot:przestrzenNazw>
      <ot:wersja>2023-12-28T12:00:00</ot:wersja>
      <ot:poczatekWersjiObiektu>2023-12-28T12:00:00</ot:poczatekWersjiObiektu>
      <ot:oznaczenieZmiany>GI-TOPO.600.116.2023</ot:oznaczenieZmiany>
      <ot:zrodloDanychGeometrycznych>ortofotomapa</ot:zrodloDanychGeometrycznych>
      <ot:kategoriaIstnienia>eksploatowany</ot:kategoriaIstnienia>
      <ot:kodKarto10k>0010_421_1</ot:kodKarto10k>
      <ot:rodzaj>zespół transformatorów</ot:rodzaj>
      <ot:geometria>
        <gml:Polygon srsName="EPSG:2180" gml:id="geom.d06efaca-0f88-405c-9e71-c9bafffa0040" srsDimension="2">
          <gml:exterior>
            <gml:LinearRing>
              <gml:posList>497187.58 694024.19 497189.03 694033.81 497229.10 694027.40 497226.88 694010.54 497225.38 693999.19 497225.15 693997.48 497192.56 694002.61 497195.23 694023.02 497187.58 694024.19</gml:posList>
            </gml:LinearRing>
          </gml:exterior>
        </gml:Polygon>
      </ot:geometria>
    </ot:OT_BUIT_A>
  </gml:featureMember>
  <gml:featureMember>
    <ot:OT_BUIT_A gml:id="OT_BUIT_A.b56b1837-1a9a-45aa-897d-876a7502d18d">
      <ot:lokalnyId>7be991e7-5fb8-4683-ab4b-6754b22ea760</ot:lokalnyId>
      <ot:przestrzenNazw>PL.PZGiK.336.BDOT10k</ot:przestrzenNazw>
      <ot:wersja>2023-12-28T12:00:00</ot:wersja>
      <ot:poczatekWersjiObiektu>2023-12-28T12:00:00</ot:poczatekWersjiObiektu>
      <ot:oznaczenieZmiany>GI-TOPO.600.116.2023</ot:oznaczenieZmiany>
      <ot:zrodloDanychGeometrycznych>ortofotomapa</ot:zrodloDanychGeometrycznych>
      <ot:kategoriaIstnienia>eksploatowany</ot:kategoriaIstnienia>
      <ot:kodKarto10k>0010_421_1</ot:kodKarto10k>
      <ot:rodzaj>zespół transformatorów</ot:rodzaj>
      <ot:geometria>
        <gml:Polygon srsName="EPSG:2180" gml:id="geom.6cf2aa4b-0f83-4283-a904-907673e1a358" srsDimension="2">
          <gml:exterior>
            <gml:LinearRing>
              <gml:posList>504558.43 694801.34 504540.01 694846.30 504570.75 694858.66 504589.24 694813.46 504558.43 694801.34</gml:posList>
            </gml:LinearRing>
          </gml:exterior>
        </gml:Polygon>
      </ot:geometria>
    </ot:OT_BUIT_A>
  </gml:featureMember>
  <gml:featureMember>
    <ot:OT_BUIT_A gml:id="OT_BUIT_A.5c8d6237-b85a-4e3d-8928-0b8062781ee5">
      <ot:lokalnyId>28BEDAB6-8D8A-F426-E053-CC2BA8C0B2DD</ot:lokalnyId>
      <ot:przestrzenNazw>PL.PZGiK.336.BDOT10k</ot:przestrzenNazw>
      <ot:wersja>2023-12-28T12:00:00</ot:wersja>
      <ot:poczatekWersjiObiektu>2023-12-28T12:00:00</ot:poczatekWersjiObiektu>
      <ot:oznaczenieZmiany>GI-TOPO.600.116.2023</ot:oznaczenieZmiany>
      <ot:zrodloDanychGeometrycznych>ortofotomapa</ot:zrodloDanychGeometrycznych>
      <ot:kategoriaIstnienia>eksploatowany</ot:kategoriaIstnienia>
      <ot:kodKarto10k>0010_421_1</ot:kodKarto10k>
      <ot:rodzaj>zespół transformatorów</ot:rodzaj>
      <ot:geometria>
        <gml:Polygon srsName="EPSG:2180" gml:id="geom.a23bf30c-9302-459d-a638-6b255d449acd" srsDimension="2">
          <gml:exterior>
            <gml:LinearRing>
              <gml:posList>503580.31 685200.23 503592.92 685238.09 503655.28 685217.33 503643.21 685179.76 503580.31 685200.23</gml:posList>
            </gml:LinearRing>
          </gml:exterior>
        </gml:Polygon>
      </ot:geometria>
    </ot:OT_BUIT_A>
  </gml:featureMember>
  <gml:featureMember>
    <ot:OT_BUIT_A gml:id="OT_BUIT_A.8bb0392e-5259-472b-ab77-67e0f52e4091">
      <ot:lokalnyId>28BEDAB6-8D8B-F426-E053-CC2BA8C0B2DD</ot:lokalnyId>
      <ot:przestrzenNazw>PL.PZGiK.336.BDOT10k</ot:przestrzenNazw>
      <ot:wersja>2023-12-28T12:00:00</ot:wersja>
      <ot:poczatekWersjiObiektu>2023-12-28T12:00:00</ot:poczatekWersjiObiektu>
      <ot:oznaczenieZmiany>GI-TOPO.600.116.2023</ot:oznaczenieZmiany>
      <ot:zrodloDanychGeometrycznych>ortofotomapa</ot:zrodloDanychGeometrycznych>
      <ot:kategoriaIstnienia>eksploatowany</ot:kategoriaIstnienia>
      <ot:kodKarto10k>0010_421_1</ot:kodKarto10k>
      <ot:rodzaj>zespół transformatorów</ot:rodzaj>
      <ot:geometria>
        <gml:Polygon srsName="EPSG:2180" gml:id="geom.02711967-50e4-45fd-bd4d-6ea20b45bb1a" srsDimension="2">
          <gml:exterior>
            <gml:LinearRing>
              <gml:posList>505141.11 685908.42 505154.95 685927.42 505163.34 685922.46 505167.97 685929.32 505174.75 685939.36 505211.92 685913.85 505204.87 685902.72 505190.22 685883.72 505194.83 685880.47 505191.03 685874.23 505186.55 685865.92 505133.85 685899.10 505141.11 685908.42</gml:posList>
            </gml:LinearRing>
          </gml:exterior>
        </gml:Polygon>
      </ot:geometria>
    </ot:OT_BUIT_A>
  </gml:featureMember>
  <gml:featureMember>
    <ot:OT_BUIT_A gml:id="OT_BUIT_A.45a7a1fb-27b1-4698-a100-180e6ff5fa6d">
      <ot:lokalnyId>28BEDAB6-8D89-F426-E053-CC2BA8C0B2DD</ot:lokalnyId>
      <ot:przestrzenNazw>PL.PZGiK.336.BDOT10k</ot:przestrzenNazw>
      <ot:wersja>2023-12-28T12:00:00</ot:wersja>
      <ot:poczatekWersjiObiektu>2023-12-28T12:00:00</ot:poczatekWersjiObiektu>
      <ot:oznaczenieZmiany>GI-TOPO.600.116.2023</ot:oznaczenieZmiany>
      <ot:zrodloDanychGeometrycznych>ortofotomapa</ot:zrodloDanychGeometrycznych>
      <ot:kategoriaIstnienia>eksploatowany</ot:kategoriaIstnienia>
      <ot:kodKarto10k>0010_421_1</ot:kodKarto10k>
      <ot:rodzaj>zespół transformatorów</ot:rodzaj>
      <ot:geometria>
        <gml:Polygon srsName="EPSG:2180" gml:id="geom.7a339d20-2c52-4f06-96d5-bd0b481bf55e" srsDimension="2">
          <gml:exterior>
            <gml:LinearRing>
              <gml:posList>500864.34 683824.02 500895.54 683813.92 500891.26 683798.00 500878.41 683802.29 500866.17 683763.41 500847.51 683769.54 500829.50 683775.49 500826.65 683775.97 500846.97 683830.10 500864.34 683824.02</gml:posList>
            </gml:LinearRing>
          </gml:exterior>
        </gml:Polygon>
      </ot:geometria>
    </ot:OT_BUIT_A>
  </gml:featureMember>
</gml:FeatureCollection>